,0
0,dostarlimab
1,flu-shot
2,flu-vaccine
3,midostaurin
4,piflufolastat-f-18
5,tdap
6,valbenazine
7,a-hydrocort
8,abacavir
9,abacavir-lamivudine
10,abacavir-lamivudine-zidovudine
11,abaloparatide
12,abametapir
13,abatacept
14,abbott-freestyle
15,abecma
16,abelcet
17,abemaciclib
18,abilify
19,abilify-maintena
20,abilify-mycite
21,abiraterone
22,abobotulinuma
23,abraxane
24,abreva
25,absorica
26,absorica-ld
27,abstral
28,acamprosate
29,acanya
30,acarbose
31,accolate
32,accrufer
33,accu-chek
34,accuneb
35,accupril
36,accuretic
37,accutane
38,acebutolol
39,aceon
40,acephen
41,acepromazine
42,acepromazine-promace
43,acetadote
44,acetaminophen
45,acetaminophen-dextromethorphan-triprolidine
46,acetaminophen-and-propoxyphene-hydrochloride
47,acetaminophen-and-propoxyphene-napsylate
48,acetaminophen-arthritis-pain
49,acetaminophen-extra-strength
50,acetaminophen-pm
51,acetaminophen-aspirin-caffeine
52,acetaminophen-caffeine-dihydrocodeine
53,acetaminophen-chlorpheniramine-dextromethorphan-phenylephrine
54,acetaminophen-codeine
55,acetaminophen-dextromethorphan-phenylephrine
56,acetaminophen-phenylephrine
57,acetaminophen-phenylephrine-dextromethorphan-guaifenesin
58,acetasol
59,acetasol-hc
60,acetazolamide
61,acetazolamide-er
62,acetic-acid
63,acetohydroxamic-acid
64,acetylcysteine
65,aciphex
66,acitretin
67,aclaro
68,aclaro-pd
69,aclidinium
70,aclovate
71,acnesic
72,acrivastine-and-pseudoephedrine
73,actemra
74,acthib
75,acticlate
76,acticoat
77,actigall
78,actimmune
79,actiq
80,active-fe
81,active-ob
82,activella
83,activyl-for-cats
84,activyl-for-dogs
85,activyl-tick-plus
86,actonel
87,actoplus-met
88,actoplus-met-xr
89,actos
90,acuicyn
91,acular
92,acular-ls
93,acuvail
94,acyclovir
95,acyclovir-and-hydrocortisone
96,aczone
97,adacel
98,adakveo
99,adalat
100,adalat-cc
101,adalimumab
102,adalimumab-adbm
103,adalimumab-atto
104,adapalene
105,adapalene-non-prescription
106,adapalene-benzoyl-peroxide
107,adasuve
108,adcetris
109,adcirca
110,adderall
111,adderall-xr
112,addyi
113,adefovir
114,adempas
115,adenocard
116,adenoscan
117,adenosine
118,adequan
119,adhansia-xr
120,adipex-p
121,adlyxin
122,admelog
123,ado-trastuzumab-emtansine
124,adrenaclick
125,adrenalin
126,adriamycin
127,adrucil
128,aducanumab
129,aduhelm
130,advair
131,advantage-ii-for-cats
132,advantage-ii-for-dogs
133,advantage-multi-for-cats
134,advantage-multi-for-cats-5.1-9-lbs
135,advantage-multi-for-cats-purple
136,advantage-multi-for-cats-purple-9.1-18-lbs
137,advantage-multi-for-dogs
138,advate
139,advicor
140,advil
141,advil-allergy-and-congestion
142,advil-allergy-sinus
143,advil-cold-and-sinus
144,advil-congestion
145,advil-dual-action
146,advil-junior-strength
147,advil-migraine
148,advil-pm
149,advocate-insulin
150,advocate-lancing
151,advocate-redi-code
152,adzenys-er
153,adzenys-xr-odt
154,aemcolo
155,aerobid
156,aerobid-m
157,aerochamber-plus
158,aerochamber-plus-w-mask
159,aerospan-hfa
160,aerosporin
161,afatinib
162,afeditab-cr
163,afinitor
164,afinitor-disperz
165,afirmelle
166,aflibercept
167,afluria
168,afluria-quadrivalent
169,afoxolaner
170,afrezza
171,afrin
172,afstyla
173,afterpill
174,agalsidase-beta
175,aggrenox
176,agrylin
177,ahist
178,aimovig
179,airduo
180,ajovy
181,ak-dilate
182,ak-pentolate
183,ak-poly-bac
184,ak-pred
185,aklief
186,akne-mycin
187,akovaz
188,akpro
189,akynzeo
190,ala-cort
191,ala-quin
192,ala-scalp
193,alamast
194,alavert
195,alavert-d
196,alaway
197,alaway-preservative-free
198,albalon
199,albendazole
200,albenza
201,albiglutide
202,albon
203,albuterol
204,albuterol-er
205,alcaftadine
206,alcaine
207,alclometasone
208,alcortin-a
209,aldactazide
210,aldactone
211,aldara
212,aldesleukin
213,aldoclor
214,aldomet
215,aldoril
216,aldurazyme
217,alecensa
218,alendronate
219,alendronate-cholecalciferol
220,alesse
221,alevazol
222,aleve
223,aleve-pm
224,alfuzosin
225,aliclen
226,alimta
227,alinia
228,aliqopa
229,alirocumab
230,aliskiren
231,aliskiren-and-hydrochlorothiazide
232,aliskiren-amlodipine
233,aliskiren-amlodipine-hctz
234,aliskiren-valsartan
235,alitretinoin
236,alkeran
237,alkindi-sprinkle
238,allegra
239,allegra-d
240,allermyl
241,alli
242,allopurinol
243,allzital
244,almotriptan
245,alocane-plus
246,alocril
247,alodox
248,alogliptin
249,alogliptin-metformin
250,alogliptin-pioglitazone
251,alomide
252,aloquin
253,alora
254,alosetron
255,aloxi
256,alphagan-p
257,alphanate
258,alphanine-sd
259,alphaquin-hp
260,alphatrex
261,alprazolam
262,alprazolam-er
263,alprolix
264,alrex
265,alsuma
266,altabax
267,altacaine
268,altace
269,altafluor
270,altavera
271,altoprev
272,altreno
273,altretamine
274,aluminum-hydroxide-magnesium-hydroxide-simethicone
275,alunbrig
276,alupent
277,alvesco
278,alvimopan
279,alyacen-1-35
280,alyacen-7-7-7
281,alyq
282,amabelz
283,amantadine
284,amaryl
285,ambien
286,ambien-cr
287,ambisome
288,ambrisentan
289,amcill
290,amcinonide
291,ameluz
292,amerge
293,amethia
294,amethia-lo
295,amethyst
296,amicar
297,amidate
298,amifostine
299,amiloride
300,amiloride-hctz
301,aminocaproic-acid
302,aminophyllin
303,aminophylline
304,amiodarone
305,amitid
306,amitiza
307,amitraz
308,amitril
309,amitriptyline
310,amivantamab
311,amjevita
312,amlodipine
313,amlodipine-atorvastatin
314,amlodipine-benazepril
315,amlodipine-olmesartan
316,amlodipine-valsartan
317,amlodipine-valsartan-hctz
318,ammonil
319,ammonium-lactate
320,amnesteem
321,amondys-45
322,amoxapine
323,amoxi-drop
324,amoxi-tabs
325,amoxicillin
326,amoxicillin-potassium-clavulanate
327,amoxicillin-potassium-clavulanate-er
328,amoxil
329,amphetamine-er
330,amphetamine-salt-combo
331,amphetamine-salt-combo-xr
332,amphetamine-sulfate
333,ampicillin
334,ampicillin-sulbactam
335,ampyra
336,amrix
337,amturnide
338,amvaz
339,amyl-nitrite
340,amzeeq
341,ana-lex
342,anadrol
343,anafranil
344,anagrelide
345,anakinra
346,analgesic-balm
347,analpram-advanced
348,analpram-e
349,analpram-hc
350,anaprox
351,anaprox-ds
352,anaspaz
353,anastrozole
354,ancef
355,ancobon
356,andexxa
357,androderm
358,androgel
359,android
360,androxy
361,angeliq
362,angiomax
363,angiomax-rtu
364,anidulafungin
365,anifrolumab
366,animax
367,animi-3
368,animi-3-with-vitamin-d
369,anipryl
370,anjeso
371,annovera
372,anoro-ellipta
373,ansaid
374,antabuse
375,antara
376,antipyrine-benzocaine
377,antirobe
378,antivert
379,anucort-hc
380,anusol-hc
381,anxitane
382,anzemet
383,apadaz
384,apexicon
385,apexicon-e
386,apidra
387,apixaban
388,aplenzin
389,apokyn
390,apomorphine
391,apoquel
392,apraclonidine
393,apremilast
394,aprepitant
395,apresazide
396,apresoline
397,apri
398,apriso
399,aprizio-pak
400,aptensio-xr
401,aptiom
402,aptivus
403,aquanaz
404,aquoral
405,arakoda
406,aralast-np
407,aralen
408,aranelle
409,aranesp
410,arava
411,arazlo
412,arbinoxa
413,arcalyst
414,arcapta
415,arctic-relief
416,arestin
417,arformoterol
418,argatroban
419,aricept
420,arikayce
421,arimidex
422,aripiprazole
423,aripiprazole-lauroxil
424,aristada
425,arixtra
426,armodafinil
427,armonair
428,armour-thyroid
429,arnuity-ellipta
430,aromasin
431,arranon
432,artane
433,artemether-and-lumefantrine
434,artesunate
435,arthramine
436,arthrotec
437,artificial-tears
438,arymo-er
439,arzerra
440,asacol
441,asacol-hd
442,ascomp-with-codeine
443,asenapine
444,asendin
445,ashlyna
446,asmanex
447,asmanex-hfa
448,asparaginase-erwinia-chrysanthemi
449,asparlas
450,aspirin
451,aspirin-caffeine-dihydrocodeine
452,aspirin-dipyridamole-er
453,aspirin-omeprazole-dr
454,assurity
455,astagraf-xl
456,astelin
457,astepro
458,atacand
459,atacand-hct
460,atarax
461,atazanavir
462,atazanavir-and-cobicistat
463,atelvia
464,atenolol
465,atenolol-chlorthalidone
466,atezolizumab
467,athentia-next
468,ativan
469,atomoxetine
470,atopaderm
471,atopica-for-cats
472,atopica-for-dogs
473,atopiclair
474,atorvastatin
475,atovaquone
476,atovaquone-proguanil
477,atralin
478,atrapro
479,atripla
480,atropine
481,atrovent
482,atrovent-hfa
483,aubagio
484,aubra
485,augmentin
486,augmentin-xr
487,auranofin
488,aurodex
489,auroguard
490,aurovela-1.5-30
491,aurovela-1-20
492,aurovela-24-fe
493,aurovela-fe-1.5-30
494,aurovela-fe-1-20
495,auryxia
496,austedo
497,autolet
498,autopen
499,auvi-q
500,avage
501,avalide
502,avanafil
503,avandamet
504,avandaryl
505,avandia
506,avapritinib
507,avapro
508,avar
509,avar-ls
510,avar-e
511,avar-e-green
512,avar-e-ls
513,avastin
514,avc
515,aveed
516,avelox
517,avelumab
518,avenova
519,aventyl
520,aviane
521,avinza
522,avita
523,avo-cream
524,avodart
525,avonex
526,avsola
527,avycaz
528,axert
529,axid
530,axiron
531,axitinib
532,axona
533,aygestin
534,ayr
535,ayuna
536,ayvakit
537,azacitidine
538,azactam
539,azasan
540,azasite
541,azathioprine
542,azedra
543,azelaic-acid
544,azelastine
545,azelastine-fluticasone
546,azelex
547,azeschew
548,azilect
549,azilsartan
550,azilsartan-and-chlorthalidone
551,azithromycin
552,azo
553,azodyl
554,azopt
555,azor
556,azstarys
557,aztreonam
558,azulfidine
559,azulfidine-en-tabs
560,azurette
561,b-o-supprettes
562,b-nexa
563,baciguent
564,bacitracin
565,bacitracin-non-prescription
566,bacitracin-neomycin-polymyxin-b-pramoxine
567,bacitracin-polymyxin-b
568,bacitracin-polymyxin-b-non-prescription
569,baclofen
570,bacteriostatic-water
571,bactrim
572,bactroban
573,bactroban-nasal
574,bafiertam
575,balcoltra
576,baloxavir-marboxil
577,balsalazide
578,balversa
579,balziva
580,bamlanivimab
581,banan
582,banzel
583,baqsimi
584,baraclude
585,barhemsys
586,basaglar
587,bavencio
588,baxdela
589,baycadron
590,bayer-breeze-2
591,bayer-microlet
592,baytril
593,bcg-vaccine
594,bd-precisionglide
595,bd-ultra-fine
596,bebulin
597,bebulin-vh
598,becaplermin
599,beconase-aq
600,bedaquiline
601,bekyree
602,belantamab
603,belatacept
604,belbuca
605,beleodaq
606,belimumab
607,belinostat
608,belladonna-opium
609,belladonna-phenobarbital
610,belsomra
611,belumosudil
612,belviq
613,belviq-xr
614,belzutifan
615,benadryl
616,benadryl-plus-congestion
617,benazepril
618,benazepril-hctz
619,bendeka
620,benefix
621,benemid
622,benicar
623,benicar-hct
624,benlysta
625,bensal-hp
626,bentyl
627,benzaclin
628,benzamycin
629,benzefoam
630,benzefoam-ultra
631,benzepro
632,benzhydrocodone-acetaminophen
633,benznidazole
634,benzocaine
635,benzonatate
636,benzoyl-peroxide
637,benzphetamine
638,benztropine-mesylate
639,benzylpenicilloyl-polylysine
640,beovu
641,bepotastine
642,bepreve
643,berinert
644,beser
645,besifloxacin
646,besivance
647,besponsa
648,beta-val
649,betaderm
650,betagan
651,betagen
652,betamethasone-dipropionate
653,betamethasone-dipropionate-augmented
654,betamethasone-sodium-phosphate-betamethasone-acetate
655,betamethasone-valerate
656,betamethasone-calcipotriene
657,betapace
658,betapace-af
659,betaseron
660,betatrex
661,betaxolol
662,bethanechol
663,bethkis
664,betimol
665,betoptic
666,betoptic-s
667,bevacizumab
668,bevacizumab-awwb
669,bevespi-aerosphere
670,bevyxxa
671,bexarotene
672,bexsero
673,beyaz
674,biafine
675,biaxin
676,biaxin-xl
677,bicalutamide
678,bicillin-cr
679,bicillin-cr-900-300
680,bicillin-l-a
681,bicnu
682,bidil
683,bijuva
684,biktarvy
685,biltricide
686,bimatoprost-latisse
687,bimatoprost-lumigan
688,binosto
689,bio-spot-active-care-for-dogs
690,bio-spot-defense-for-dogs
691,bio-spot-for-cats
692,biomox
693,bionect
694,bionime
695,biorphen
696,biothrax
697,bisacodyl
698,biscolax
699,bismuth-metronidazole-and-tetracycline
700,bisoprolol
701,bisoprolol-hctz
702,bivalirudin
703,blenrep
704,bleomycin
705,bleph-10
706,blephamide
707,blinatumomab
708,blincyto
709,blisovi-24-fe
710,blisovi-fe-1.5-30
711,blisovi-fe-1-20
712,blocadren
713,bloxiverz
714,blue-oyster-cult
715,boceprevir
716,bonine
717,bonine-for-kids
718,boniva
719,bonjesta
720,bontril
721,bontril-pdm
722,boostrix
723,bortezomib
724,bosentan
725,bosulif
726,bosutinib
727,botox
728,bpo
729,braftovi
730,bravecto
731,bravelle
732,brentuximab-vedotin
733,breo-ellipta
734,brethine
735,brevicon
736,brexafemme
737,brexpiprazole
738,breyanzi
739,breztri-aerosphere
740,bricanyl
741,bridion
742,briellyn
743,brigatinib
744,brilinta
745,brimonidine
746,brimonidine-and-timolol
747,brineura
748,brintellix
749,brinzolamide
750,brinzolamide-and-brimonidine
751,brisdelle
752,briviact
753,brodalumab
754,bromday
755,bromfed-dm
756,bromfenac
757,bromocriptine
758,brompheniramine-dextromethorphan-phenylephrine
759,brompheniramine-dextromethorphan-pseudoephedrine
760,bromsite
761,bronchitol
762,brovana
763,brukinsa
764,bryhali
765,budeprion-sr
766,budeprion-xl
767,budesonide
768,budesonide-er
769,budesonide-formoterol
770,bumetanide
771,bumex
772,bunavail
773,bupap
774,buphenyl
775,bupivacaine
776,bupivacaine-meloxicam
777,buprenex
778,buprenorphine
779,buprenorphine-naloxone
780,buproban
781,bupropion
782,bupropion-forfivo-xl
783,bupropion-zyban
784,bupropion-sr
785,bupropion-xl
786,buspar
787,buspirone
788,busulfan
789,busulfex
790,butabarbital
791,butalbital-acetaminophen
792,butalbital-acetaminophen-caffeine
793,butalbital-acetaminophen-caffeine-codeine
794,butalbital-aspirin-caffeine
795,butalbital-aspirin-caffeine-codeine
796,butenafine
797,butisol
798,butorphanol
799,butrans
800,bydureon
801,bydureon-bcise
802,byetta
803,byfavo
804,bylvay
805,bynfezia-pen
806,bystolic
807,byvalson
808,cabazitaxel
809,cabenuva
810,cabergoline
811,cablivi
812,cabometyx
813,cabotegravir
814,cabotegravir-rilpivirine
815,cabozantinib
816,cadexomer-iodine
817,caduet
818,cafcit
819,cafergot
820,caffeine-citrate
821,calan
822,calan-sr
823,calcipotriene
824,calcitonin-salmon
825,calcitrene
826,calcitriol
827,calcium-acetate
828,calcium-carbonate
829,calcium-polycarbophil
830,calphron
831,calquence
832,cambia
833,camila
834,campath
835,camphor-menthol-methyl-salicylate
836,campral
837,camptosar
838,camrese
839,camreselo
840,canagliflozin
841,canasa
842,cancidas
843,candesartan
844,candesartan-hctz
845,capacet
846,capasil
847,capcof
848,capecitabine
849,capex
850,capital-and-codeine
851,caplyta
852,capmist-dm
853,capoten
854,capozide
855,caprelsa
856,capron-dm
857,capron-dmt
858,capsaicin
859,capstar
860,captopril
861,captopril-hctz
862,carac
863,carafate
864,carbachol
865,carbaglu
866,carbamazepine
867,carbamazepine-er
868,carbatrol
869,carbidopa
870,carbidopa-levodopa
871,carbidopa-levodopa-er
872,carbidopa-levodopa-entacapone
873,carbinoxamine-maleate
874,carboplatin
875,carboprost
876,cardene
877,cardene-sr
878,cardiotek-rx
879,cardizem
880,cardizem-cd
881,cardizem-la
882,cardizem-sr
883,cardura
884,cardura-xl
885,carepoint-vet
886,carfilzomib
887,carglumic-acid
888,cariprazine
889,carisoprodol
890,carisoprodol-aspirin
891,carisoprodol-aspirin-codeine
892,carmol-hc
893,carmustine
894,carnexiv
895,carnitor
896,carnitor-sf
897,carospir
898,carprofen
899,carteolol
900,cartia-xt
901,cartrol
902,carvedilol
903,carvedilol-er
904,casimersen
905,casirivimab
906,casodex
907,caspofungin
908,cataflam
909,catapres
910,catapres-tts
911,cavan-alpha
912,cavan-ec-sod-dha
913,caverject
914,caverject-impulse
915,cayston
916,caziant
917,ceclor
918,cedax
919,ceenu
920,cefaclor
921,cefaclor-er
922,cefadroxil
923,cefazolin
924,cefdinir
925,cefditoren
926,cefepime
927,cefixime
928,cefotaxime
929,cefpodoxime
930,cefprozil
931,ceftaroline
932,ceftazidime-avibactam
933,ceftibuten
934,ceftin
935,ceftriaxone
936,cefuroxime-axetil
937,cefzil
938,celacyn
939,celebrex
940,celecoxib
941,celexa
942,cellcept
943,celontin
944,cemiplimab-rwlc
945,cenestin
946,centany
947,centany-at
948,centratex
949,cepacol
950,cephalexin
951,cequa
952,ceramax
953,cerdelga
954,cerefolin
955,cerefolin-nac
956,cerenia
957,cerezyme
958,ceritinib
959,cerliponase-alfa
960,certifect
961,certolizumab
962,cervarix
963,cervidil
964,cesamet
965,cesia
966,cestex
967,cetacaine
968,cetirizine
969,cetirizine-prescription
970,cetirizine-pseudoephedrine
971,cetraxal
972,cetrorelix
973,cetrotide
974,cetuximab
975,cetylev
976,cevimeline
977,chantix
978,chateal
979,chemet
980,chenodal
981,chenodiol
982,cheratussin-ac
983,cheratussin-dac
984,cheristin-for-cats
985,children-s-acetaminophen
986,children-s-advil
987,children-s-allegra
988,children-s-benadryl
989,children-s-cetirizine
990,children-s-claritin
991,children-s-diphenhist
992,children-s-diphenhydramine
993,children-s-fexofenadine
994,children-s-ibuprofen
995,children-s-loratadine
996,children-s-mapap
997,children-s-motrin
998,children-s-q-pap
999,children-s-tylenol
1000,children-s-zyrtec
1001,chlo-tuss
1002,chlorambucil
1003,chlordiazepoxide
1004,chlordiazepoxide-amitriptyline
1005,chlordiazepoxide-clidinium
1006,chlorhexidine
1007,chlorhexidine-non-prescription
1008,chloroquine-phosphate
1009,chlorothiazide
1010,chlorothiazide-and-reserpine
1011,chlorpheniramine
1012,chlorpheniramine-dextromethorphan
1013,chlorpromazine
1014,chlorpropamide
1015,chlorthalidone
1016,chlorthalidone-and-reserpine
1017,chlorzoxazone
1018,cholbam
1019,cholestyramine
1020,cholestyramine-light
1021,cholic-acid
1022,choline-magnesium-trisalicylate
1023,cholodin
1024,chromagen
1025,chromagen-fa
1026,chromagen-forte
1027,cialis
1028,ciclodan
1029,ciclopirox
1030,cidofovir
1031,cilostazol
1032,ciloxan
1033,cimduo
1034,cimetidine
1035,cimetidine-hb
1036,cimzia
1037,cin-quin
1038,cinacalcet
1039,cinqair
1040,cinryze
1041,cipro
1042,cipro-hc
1043,cipro-xr
1044,ciprodex
1045,ciprofloxacin
1046,ciprofloxacin-er
1047,ciprofloxacin-dexamethasone
1048,ciprofloxacin-fluocinolone
1049,cisatracurium
1050,cisplatin
1051,citalopram
1052,citranatal-90-dha
1053,citranatal-assure
1054,citranatal-b-calm
1055,citranatal-bloom
1056,citranatal-dha
1057,citranatal-essence
1058,citranatal-harmony
1059,citranatal-rx
1060,claforan
1061,claravis
1062,clarifoam-ef
1063,clarinex
1064,clarinex-d
1065,clarithromycin
1066,clarithromycin-er
1067,claritin
1068,claritin-d
1069,clavamox
1070,clemastine
1071,clemastine-non-prescription
1072,clenia
1073,clenia-plus
1074,clenpiq
1075,cleocin
1076,cleocin-phosphate
1077,cleocin-t
1078,clever-choice
1079,climara
1080,climara-pro
1081,clindacin-etz
1082,clindacin-p
1083,clindacin-pac
1084,clindagel
1085,clindamax
1086,clindamycin
1087,clindamycin-benzoyl-peroxide
1088,clindamycin-tretinoin
1089,clindavix
1090,clindesse
1091,clinoril
1092,clinpro-5000
1093,clobazam
1094,clobetasol
1095,clobetasol-emollient
1096,clobetex
1097,clobex
1098,clocortolone-pivalate
1099,clodan
1100,cloderm
1101,clofarabine
1102,clolar
1103,clomicalm
1104,clomid
1105,clomiphene
1106,clomipramine
1107,clonazepam
1108,clonidine
1109,clonidine-and-chlorthalidone
1110,clonidine-er
1111,clopidogrel
1112,clorazepate
1113,clorpres
1114,clotrimazole
1115,clotrimazole-non-prescription
1116,clotrimazole-betamethasone
1117,clozapine
1118,clozaril
1119,cnl8
1120,coaguchek
1121,coartem
1122,cobicistat
1123,cobimetinib
1124,codeine
1125,cogentin
1126,col-probenemid
1127,colace
1128,colace-clear
1129,colazal
1130,colbenemid
1131,colchicine
1132,colcrys
1133,colesevelam
1134,colestid
1135,colestid-flavored
1136,colestipol
1137,colistimethate
1138,collagenase
1139,collatyl
1140,colocort
1141,colprep
1142,coly-mycin-m
1143,coly-mycin-s
1144,colyte
1145,combigan
1146,combipatch
1147,combivent
1148,combivir
1149,combunox
1150,cometriq
1151,comfortis
1152,comirnaty
1153,compazine
1154,complera
1155,complete-natal-dha
1156,complete-rf
1157,composure-for-cats
1158,composure-for-dogs
1159,composure-max
1160,compro
1161,comtan
1162,comvax
1163,concept-dha
1164,concept-ob
1165,concerta
1166,condylox
1167,conjugated-estrogens-and-bazedoxifene
1168,conjupri
1169,consensi
1170,constulose
1171,contour
1172,contour-next
1173,contrave
1174,conzip
1175,copanlisib
1176,copaxone
1177,copegus
1178,copiktra
1179,coq10
1180,cordarone
1181,cordran
1182,coreg
1183,coreg-cr
1184,corgard
1185,corlanor
1186,cormax
1187,corphedra
1188,cortane-b
1189,cortef
1190,cortenema
1191,corticotropin
1192,cortifoam
1193,cortisone
1194,cortisporin
1195,cortisporin-tc
1196,cortone
1197,corvert
1198,corvita-150
1199,corvite-fe
1200,corzide
1201,cosela
1202,cosentyx
1203,cosequin-ds
1204,cosequin-ds-plus-msm
1205,cosequin-for-cats
1206,cosequin-for-dogs
1207,cosmegen
1208,cosopt
1209,cosopt-pf
1210,cotellic
1211,cotempla-xr
1212,coumadin
1213,covaryx
1214,covera-hs
1215,covid-19-test
1216,covid-19-vaccine
1217,cozaar
1218,creon
1219,cresemba
1220,crestor
1221,crinone
1222,crisaborole
1223,crixivan
1224,crizanlizumab
1225,crizotinib
1226,crofelemer
1227,crolom
1228,cromolyn
1229,cromoptic
1230,crotamiton
1231,crotan
1232,cryselle
1233,cubicin
1234,cuprimine
1235,cutaquig
1236,cutivate
1237,cuvposa
1238,cyanocobalamin
1239,cyclafem-1-35
1240,cyclafem-7-7-7
1241,cyclessa
1242,cyclobenzaprine
1243,cyclobenzaprine-er
1244,cyclocort
1245,cyclogyl
1246,cyclomydril
1247,cyclopentolate
1248,cyclopentolate-and-phenylephrine
1249,cyclophosphamide
1250,cycloserine
1251,cycloset
1252,cyclosporine
1253,cyclosporine-modified
1254,cyklokapron
1255,cyltezo
1256,cymbalta
1257,cyonanz
1258,cyproheptadine
1259,cyramza
1260,cyred
1261,cyred-eq
1262,cystadrops
1263,cystagon
1264,cystaran
1265,cysteamine-hydrochloride
1266,cytarabine
1267,cytomel
1268,cytosar-u
1269,cytotec
1270,cytovene
1271,cytoxan
1272,cytra-2
1273,cytra-3
1274,cytra-k
1275,d.h.e.-45
1276,dabigatran
1277,dabrafenib
1278,dacarbazine
1279,daclatasvir
1280,dacogen
1281,dactinomycin
1282,daily-vite
1283,daklinza
1284,dalbavancin
1285,dalfampridine-er
1286,daliresp
1287,dalmane
1288,dalteparin
1289,dalvance
1290,danazol
1291,danocrine
1292,dantrium
1293,dantrolene
1294,danyelza
1295,dapagliflozin
1296,dapagliflozin-and-metformin
1297,dapiprazole
1298,dapsone
1299,daptacel
1300,daptomycin
1301,daraprim
1302,darbepoetin-alfa
1303,darifenacin-er
1304,darolutamide
1305,darunavir-and-cobicistat
1306,darunavir-ethanolate
1307,darvocet
1308,darvocet-n
1309,darzalex
1310,darzalex-faspro
1311,dasabuvir-ombitasvir-paritaprevir-and-ritonavir
1312,dasatinib
1313,dasetta-1-35
1314,dasetta-7-7-7
1315,dasiglucagon
1316,dasuquin-for-cats
1317,dasuquin-for-dogs
1318,dasuquin-with-msm
1319,daurismo
1320,davite
1321,dayavite
1322,daypro
1323,dayquil
1324,dayquil-cough
1325,dayquil-mucus-control
1326,daysee
1327,daytrana
1328,dayvigo
1329,ddavp
1330,debacterol
1331,deblitane
1332,dec-chlorphen
1333,dec-chlorphen-dm
1334,deca-durabolin
1335,decadron
1336,decara
1337,decitabine
1338,declomycin
1339,deferasirox
1340,deferiprone
1341,deferoxamine
1342,defibrotide-sodium
1343,defitelio
1344,degarelix
1345,degludec
1346,delatestryl
1347,delavirdine
1348,delestrogen
1349,delstrigo
1350,delsym
1351,delsym-nighttime
1352,deltasone
1353,delyla
1354,delzicol
1355,demadex
1356,demeclocycline
1357,demerol
1358,demser
1359,demulen
1360,denamarin
1361,denavir
1362,dengvaxia
1363,denosyl
1364,denovo
1365,denta-5000-plus
1366,dentagel
1367,depakene
1368,depakote
1369,depakote-er
1370,depen
1371,deplin
1372,depo-estradiol
1373,depo-medrol
1374,depo-provera
1375,depo-subq-provera
1376,depo-testosterone
1377,depocyt
1378,deracoxib
1379,deramaxx
1380,derma-smooth-fs-body-oil
1381,derma-smooth-fs-scalp-oil
1382,dermalid
1383,dermanic
1384,dermasorb-af
1385,dermasorb-ta
1386,dermasorb-xm
1387,dermatop
1388,dermazene
1389,dermend-moisturizing-anti-itch
1390,dermotic
1391,dermulcera
1392,descovy
1393,desferal
1394,desipramine
1395,desloratadine
1396,desloratadine-and-pseudoephedrine
1397,desmopressin
1398,desogen
1399,desogestrel-ethinyl-estradiol
1400,desonate
1401,desonide
1402,desowen
1403,desoximetasone
1404,desoxycorticosterone-pivalate
1405,desoxyn
1406,desrx
1407,desvenlafaxine-er
1408,desvenlafaxine-fumarate-er
1409,desvenlafaxine-succinate-er
1410,desyrel
1411,detrol
1412,detrol-la
1413,deutetrabenazine
1414,dexabliss
1415,dexamethasone
1416,dexamethasone-intensol
1417,dexchlorpheniramine
1418,dexcom-g6
1419,dexedrine
1420,dexedrine-spansule
1421,dexilant
1422,dexlansoprazole
1423,dexmedetomidine-sodium-chloride
1424,dexmethylphenidate
1425,dexmethylphenidate-er
1426,dexone
1427,dexpak
1428,dexrazoxane
1429,dextenza
1430,dextroamphetamine
1431,dextroamphetamine-er
1432,dextromethorphan
1433,dextromethorphan-and-quinidine
1434,dextrostat
1435,dhea
1436,diabeta
1437,diabinese
1438,diacomit
1439,dialyvite
1440,dialyvite-3000
1441,dialyvite-5000
1442,dialyvite-supreme-d
1443,dialyvite-with-zinc
1444,diamox
1445,diamox-sequels
1446,diastat-acudial
1447,diatx-zn
1448,diazepam
1449,diazepam-gel
1450,diazoxide
1451,dibenzyline
1452,dibucaine
1453,dichlorphenamide
1454,diclegis
1455,diclofenac-epolamine
1456,diclofenac-potassium
1457,diclofenac-sodium
1458,diclofenac-sodium-er
1459,diclofenac-sodium-non-prescription
1460,diclofenac-sodium-misoprostol
1461,diclofex-dc
1462,dicloxacillin
1463,dicyclomine
1464,didanosine
1465,didrex
1466,didronel
1467,diethylpropion
1468,difelikefalin
1469,differin
1470,differin-gel
1471,dificid
1472,diflorasone
1473,diflucan
1474,diflunisal
1475,difluprednate
1476,digex-nf
1477,digitek
1478,digoxin
1479,dihydroergotamine-mesylate
1480,dilacor-xr
1481,dilantin
1482,dilatrate-sr
1483,dilaudid
1484,dilt-cd
1485,dilt-xr
1486,diltiazem
1487,diltiazem-and-enalapril
1488,diltiazem-er-cardizem-cd
1489,diltiazem-er-cardizem-la
1490,diltiazem-er-dilacor-xr
1491,diltiazem-er-tiazac
1492,diltiazem-twice-a-day
1493,diltzac
1494,dimenhydrinate
1495,dimetapp
1496,dimethyl-fumarate
1497,dimethyl-sulfoxide
1498,dinutuximab
1499,diosmiplex
1500,diovan
1501,diovan-hct
1502,dipentum
1503,diphenhist
1504,diphenhydramine
1505,diphenhydramine-zinc-acetate
1506,diphenoxylate-atropine
1507,diphtheria-tetanus-toxoids-adsorbed
1508,dipivefrin
1509,diprivan
1510,diprolene
1511,diprosone
1512,dipyridamole
1513,dirlotapide
1514,disalcid
1515,disopyramide
1516,disulfiram
1517,ditropan
1518,ditropan-xl
1519,diupres
1520,diuril
1521,divalproex
1522,divalproex-er
1523,divigel
1524,docefrez
1525,docetaxel
1526,docosanol
1527,docqlace
1528,docusate-calcium
1529,docusate-sodium
1530,docusate-sodium-sennosides
1531,dofetilide
1532,dojolvi
1533,dok
1534,dok-plus
1535,dolasetron
1536,dolgic-plus
1537,dolishale
1538,dolobid
1539,dolophine
1540,dolutegravir-abacavir-and-lamivudine
1541,donepezil
1542,donnatal
1543,doptelet
1544,doral
1545,dornase-alfa
1546,doryx
1547,doryx-mpc
1548,dorzolamide
1549,dorzolamide-timolol
1550,dosoquin
1551,dostinex
1552,dotti
1553,dovato
1554,dovonex
1555,dow-isoniazid
1556,doxazosin
1557,doxepin
1558,doxercalciferol
1559,doxil
1560,doxorubicin
1561,doxycycline-calcium
1562,doxycycline-dr
1563,doxycycline-hyclate
1564,doxycycline-hyclate-er
1565,doxycycline-monohydrate
1566,doxylamine
1567,doxylamine-and-dextomethorphan
1568,doxylamine-pyridoxine
1569,dralzine
1570,dramamine
1571,dramamine-for-kids
1572,dramamine-less-drowsy
1573,drax-exametazime
1574,drisdol
1575,drithocreme
1576,drizalma-sprinkle
1577,dronabinol
1578,droncit-canine
1579,droncit-feline
1580,dronedarone
1581,drontal
1582,drontal-plus
1583,drospirenone-estetrol
1584,drospirenone-ethinyl-estradiol
1585,drospirenone-ethinyl-estradiol-levomefolate
1586,droxia
1587,droxidopa
1588,drysol
1589,dsuvia
1590,duac
1591,duaklir-pressair
1592,duavee
1593,duet-dha-balanced
1594,duetact
1595,duexis
1596,dulaglutide
1597,dulcolax
1598,dulera
1599,duloxetine
1600,duobrii
1601,duoneb
1602,duopa
1603,dupilumab
1604,dupixent
1605,duragesic
1606,duralactin-canine
1607,duralactin-feline
1608,duralactin-joint-plus
1609,duraquin
1610,durezol
1611,duricef
1612,durlaza
1613,durysta
1614,dutasteride
1615,dutasteride-tamsulosin
1616,dutoprol
1617,duvoid
1618,duzallo
1619,dvorah
1620,dyanavel-xr
1621,dyazide
1622,dycill
1623,dymista
1624,dynacin
1625,dynacirc
1626,dynacirc-cr
1627,dynapen
1628,dyphylline
1629,dyphylline-guaifenesin
1630,dyrenium
1631,dysport
1632,e-z-hd
1633,e-z-paque
1634,e.e.s.
1635,e.s.p.
1636,easivent
1637,easivent-w-mask
1638,easyspot
1639,easytouch
1640,ec-naprosyn
1641,ecallantide
1642,econazole
1643,econtra-ez
1644,econtra-one-step
1645,ecoza
1646,edaravone
1647,edarbi
1648,edarbyclor
1649,edecrin
1650,edex
1651,edluar
1652,edoxaban
1653,edurant
1654,efavirenz
1655,efavirenz-emtricitabine-tenofovir
1656,efavirenz-lamivudine-tenofovir
1657,effer-k
1658,effexor
1659,effexor-xr
1660,effient
1661,effipro
1662,effitix
1663,efinaconazole
1664,eflornithine
1665,efudex
1666,egaten
1667,egrifta
1668,egrifta-sv
1669,elaprase
1670,elavil
1671,elbasvir-and-grazoprevir
1672,elcys
1673,eldepryl
1674,eldopaque-forte
1675,eldoquin-forte
1676,elelyso
1677,elepsia-xr
1678,elestat
1679,elestrin
1680,eletone
1681,eletriptan
1682,elexacaftor-tezacaftor-ivacaftor
1683,elidel
1684,elifemme
1685,eligard
1686,eliglustat
1687,elimite
1688,elinest
1689,eliphos
1690,eliquis
1691,elite-ob-with-dha
1692,elitek
1693,elixophyllin
1694,elixophyllin-sr
1695,ella
1696,ellence
1697,elmiron
1698,elocon
1699,eloctate
1700,eloxatin
1701,eltrombopag
1702,eluryng
1703,elvitegravir
1704,elyxyb
1705,emadine
1706,embeda
1707,embeline
1708,emcyt
1709,emedastine
1710,emend
1711,emflaza
1712,emgality
1713,emla
1714,emodepside-and-praziquantel
1715,emoquette
1716,empagliflozin
1717,empagliflozin-and-linagliptin
1718,empaveli
1719,empliciti
1720,emsam
1721,emtricitabine
1722,emtricitabine-and-tenofovir-alafenamide-fumarate
1723,emtricitabine-tenofovir
1724,emtriva
1725,emverm
1726,enablex
1727,enalapril
1728,enalapril-hctz
1729,enasidenib
1730,enbrace-hr
1731,enbrel
1732,endari
1733,endep
1734,endocet
1735,endodan
1736,endometrin
1737,endosorb
1738,enduron
1739,enfuvirtide
1740,engerix-b
1741,enhertu
1742,enjuvia
1743,enlyte
1744,enoxaparin
1745,enpresse
1746,enrofloxacin
1747,enskyce
1748,enspryng
1749,enstilar
1750,entacapone
1751,entecavir
1752,entederm
1753,enteragam
1754,entereg
1755,entocort
1756,entrectinib
1757,entresto
1758,entyvio
1759,enulose
1760,envarsus-xr
1761,enzalutamide
1762,epakitin
1763,epaned
1764,epanova
1765,epclusa
1766,ephedrine
1767,epi-soothe
1768,epiceram
1769,epidiolex
1770,epidrine
1771,epiduo
1772,epiduo-forte
1773,epiflur
1774,epifoam
1775,epiklor
1776,epinastine
1777,epinephrine-adrenaclick
1778,epinephrine-adrenalin
1779,epinephrine-epipen-jr
1780,epinephrine-epipen
1781,epipen
1782,epipen-jr
1783,epiquin-micro
1784,epirubicin
1785,epitol
1786,epivir
1787,epivir-hbv
1788,epizyme
1789,eplerenone
1790,epogen
1791,epoprostenol
1792,eprosartan
1793,eprosartan-and-hydrochlorothiazide
1794,epsiprantel
1795,eptifibatide
1796,epzicom
1797,equanil
1798,equetro
1799,eradimite
1800,eravacycline
1801,eraxis
1802,erbitux
1803,erdafitinib
1804,ergocalciferol
1805,ergoloid-mesylates
1806,ergomar
1807,ergotamine
1808,ergotamine-caffeine
1809,eribulin
1810,erivedge
1811,erleada
1812,erlotinib
1813,errin
1814,ertaczo
1815,ertapenem
1816,ery
1817,ery-tab
1818,eryc
1819,eryderm
1820,erygel
1821,eryped
1822,erythrocin
1823,erythromycin
1824,erythromycin-dr
1825,erythromycin-ethylsuccinate
1826,erythromycin-benzoyl-peroxide
1827,erythromycin-sulfisoxazole
1828,eryzole
1829,esbriet
1830,escitalopram
1831,esgic
1832,esgic-plus
1833,esidrix
1834,esimil
1835,eskalith
1836,eskalith-cr
1837,eskata
1838,eslicarbazepine
1839,esomep-ezs
1840,esomeprazole
1841,esomeprazole-non-prescription
1842,esomeprazole-strontium
1843,esperoct
1844,estarylla
1845,estazolam
1846,esterified-estrogens-methyltestosterone
1847,estrace
1848,estraderm
1849,estradiol
1850,estradiol-valerate
1851,estradiol-valerate-and-dienogest
1852,estradiol-norethindrone
1853,estramustine-phosphate-sodium
1854,estrasorb
1855,estratest
1856,estring
1857,estriol
1858,estrogel
1859,estropipate
1860,estrostep-fe
1861,eszopiclone
1862,etanercept
1863,etanercept-ykro
1864,eteplirsen
1865,etesevimab
1866,ethacrynate-sodium
1867,ethacrynic-acid
1868,ethacrynic-sodium
1869,ethambutol
1870,ethinyl-estradiol-levonorgestrel
1871,ethinyl-estradiol-norethindrone
1872,ethionamide
1873,ethosuximide
1874,ethotoin
1875,ethynodiol-diacetate-ethinyl-estradiol
1876,eticovo
1877,etidronate
1878,etodolac
1879,etodolac-er
1880,etogesic
1881,etomidate
1882,etonogestrel-ethinyl-estradiol
1883,etopophos
1884,etoposide
1885,etrafon
1886,etravirine
1887,eucrisa
1888,euflexxa
1889,eulexin
1890,eurax
1891,euthroid
1892,euthyrox
1893,evamist
1894,evekeo
1895,evenity
1896,everolimus
1897,evista
1898,evkeeza
1899,evoclin
1900,evolocumab
1901,evomela
1902,evotaz
1903,evoxac
1904,evrysdi
1905,evzio
1906,ex-lax
1907,exalgo
1908,excedrin-back-and-body
1909,excedrin-extra-strength
1910,excedrin-migraine
1911,excedrin-pm
1912,exelderm
1913,exelon
1914,exemestane
1915,exforge
1916,exforge-hct
1917,exjade
1918,exkivity
1919,exondys-51
1920,exservan
1921,extavia
1922,extina
1923,extraneal
1924,eylea
1925,eysuvis
1926,ezallor
1927,ezetimibe
1928,ezetimibe-and-atorvastatin
1929,ezetimibe-rosuvastatin
1930,ezetimibe-simvastatin
1931,ezogabine
1932,fabb
1933,fabior
1934,fabrazyme
1935,factive
1936,falessa
1937,fallback-solo
1938,falmina
1939,fam-trastuzumab-deruxtecan-nxki
1940,famciclovir
1941,famotidine
1942,famotidine-ac
1943,famotidine-complete
1944,famvir
1945,fanapt
1946,fareston
1947,farxiga
1948,farydak
1949,fasenra
1950,faslodex
1951,fayosim
1952,fazaclo
1953,febuxostat
1954,fedratinib
1955,felbamate
1956,felbatol
1957,feldene
1958,felimazole
1959,felodipine-er
1960,fem-ph
1961,femara
1962,femcon-fe
1963,femhrt
1964,femring
1965,femtrace
1966,femynor
1967,fenbendazole
1968,fenofibrate
1969,fenofibrate-micronized
1970,fenofibric-acid
1971,fenofibric-acid-dr
1972,fenoglide
1973,fenoprofen
1974,fenortho
1975,fensolvi
1976,fentanyl
1977,fentanyl-buccal
1978,fentanyl-citrate
1979,fentora
1980,feosol
1981,fer-iron
1982,feraheme
1983,feriva
1984,feriva-21-7
1985,feriva-fa
1986,ferocon
1987,ferotrin
1988,ferralet-90
1989,ferraplus-90
1990,ferrex-28
1991,ferric-carboxymaltose
1992,ferric-maltol
1993,ferriprox
1994,ferrlecit
1995,ferrogels-forte
1996,ferrous-gluconate
1997,ferrous-sulfate
1998,ferumoxytol
1999,fesoterodine
2000,fetroja
2001,fetzima
2002,fexinidazole
2003,fexmid
2004,fexofenadine
2005,fexofenadine-pseudoephedrine
2006,fiasp
2007,fibricor
2008,fidaxomicin
2009,filgrastim
2010,filgrastim-sndz
2011,finacea
2012,finacea-plus
2013,finasteride
2014,finerenone
2015,fingolimod
2016,fintepla
2017,fioricet
2018,fioricet-with-codeine
2019,fiorinal
2020,fiorinal-with-codeine
2021,fiproguard-for-cats
2022,fiproguard-for-dogs
2023,fiproguard-max-for-cats
2024,fiproguard-max-for-dogs
2025,firazyr
2026,firdapse
2027,firmagon
2028,firocoxib
2029,firvanq
2030,flagyl
2031,flagyl-er
2032,flarex
2033,flavoxate
2034,flecainide
2035,flector
2036,fleet
2037,flexeril
2038,flexichamber
2039,flibanserin
2040,flo-pred
2041,flolan
2042,flolipid
2043,flomax
2044,flonase
2045,flonase-allergy-relief
2046,florinef
2047,floriva
2048,florone
2049,flovent
2050,flowtuss
2051,floxin
2052,fluad
2053,fluad-quadrivalent
2054,fluarix-quadrivalent
2055,flublok
2056,flublok-quadrivalent
2057,flucelvax
2058,flucelvax-quadrivalent
2059,fluconazole
2060,flucytosine
2061,fludara
2062,fludarabine
2063,fludrocortisone
2064,flulaval
2065,flulaval-quadrivalent
2066,flumadine
2067,flumist-quadrivalent
2068,flunisolide
2069,fluocinolone
2070,fluocinolone-hydroquinone-and-tretinoin
2071,fluocinonide
2072,fluocinonide-e
2073,fluor-a-day
2074,fluorabon
2075,fluorinse
2076,fluorometholone
2077,fluoroplex
2078,fluorouracil
2079,fluovix-plus
2080,fluoxetine
2081,fluoxymesterone
2082,fluphenazine
2083,flura-drops
2084,fluralaner
2085,flurandrenolide
2086,flurazepam
2087,flurbiprofen
2088,flurbiprofen-sodium
2089,flutamide
2090,fluticare
2091,fluticasone-propionate
2092,fluticasone-propionate-non-prescription
2093,fluticasone-salmeterol
2094,fluticasone-umeclidinium-vilanterol
2095,fluticasone-vilanterol
2096,fluvastatin
2097,fluvastatin-er
2098,fluvirin
2099,fluvoxamine
2100,fluvoxamine-er
2101,fluzone
2102,fluzone-high-dose
2103,fluzone-high-dose-quadrivalent
2104,fluzone-intradermal
2105,fluzone-quadrivalent
2106,fml
2107,fml-forte
2108,focalin
2109,focalin-xr
2110,folbecal
2111,folbee
2112,folbee-plus
2113,folbee-plus-cz
2114,folbic
2115,folbic-rf
2116,folcaps
2117,folcaps-care-one
2118,folcaps-omega-3
2119,folgard
2120,folgard-os
2121,folic-acid
2122,folicet
2123,folitin-z
2124,folivane-f
2125,folivane-ob
2126,folivane-plus
2127,folivane-prx-dha
2128,follistim-aq
2129,folotyn
2130,folplex
2131,foltabs-prenatal
2132,foltabs-prenatal-plus-dha
2133,foltanx
2134,foltrate
2135,foltx
2136,folvik-d
2137,folvite
2138,fondaparinux
2139,foradil
2140,forfivo-xl
2141,formoterol
2142,fortamet
2143,forteo
2144,fortesta
2145,fortical
2146,fosamax
2147,fosamax-plus-d
2148,fosamprenavir
2149,fosaprepitant
2150,fosdenopterin
2151,fosfomycin
2152,fosinopril
2153,fosinopril-hctz
2154,fosphenytoin-sodium
2155,fosrenol
2156,fosteum
2157,fosteum-plus
2158,fotivda
2159,fragmin
2160,freestyle-libre
2161,freestyle-libre-2
2162,fremanezumab
2163,freshkote
2164,freshkote-preservative-free
2165,frontline
2166,frontline-plus-for-cats
2167,frontline-plus-for-dogs
2168,frontline-tritak-for-cats
2169,frontline-tritak-for-dogs
2170,frova
2171,frovatriptan
2172,fulphila
2173,fulvestrant
2174,furadantin
2175,furosemide
2176,fusilev
2177,fusion-plus
2178,fuzeon
2179,fyavolv
2180,fycompa
2181,ga-68-dotatoc
2182,gabapentin
2183,gabitril
2184,gablofen
2185,galafold
2186,galantamine
2187,galantamine-er
2188,galliprant
2189,galsulfase
2190,galzin
2191,gamene
2192,gammagard
2193,gammagard-s-d
2194,gamunex-c
2195,ganciclovir
2196,ganirelix
2197,garamycin
2198,gardasil
2199,gardasil-9
2200,gas-x
2201,gastrocrom
2202,gatifloxacin
2203,gattex
2204,gavilyte-c
2205,gavilyte-g
2206,gavilyte-n
2207,gavreto
2208,gazyva
2209,gefitinib
2210,gelnique
2211,gemcitabine
2212,gemfibrozil
2213,gemifloxacin
2214,gemmily
2215,gemtesa
2216,gemtuzumab
2217,gemzar
2218,genadur
2219,generess-fe
2220,generlac
2221,genesis
2222,gengraf
2223,genotropin
2224,gentafair
2225,gentak
2226,gentamicin
2227,genvisc-850
2228,genvoya
2229,geodon
2230,geref
2231,gerimal
2232,gesticare-dha
2233,gianvi
2234,giazo
2235,gildagia
2236,gildess-1.5-30
2237,gildess-1-20
2238,gildess-24-fe
2239,gildess-fe-1.5-30
2240,gildess-fe-1-20
2241,gilenya
2242,gilotrif
2243,gimoti
2244,givlaari
2245,glassia
2246,glatiramer
2247,glatopa
2248,gleevec
2249,gleolan
2250,gleostine
2251,gliadel
2252,glimepiride
2253,glipizide
2254,glipizide-er
2255,glipizide-metformin
2256,gloperba
2257,glucagen
2258,glucagon
2259,glucamide
2260,glucophage
2261,glucophage-xr
2262,glucotrol
2263,glucotrol-xl
2264,glucovance
2265,glumetza
2266,glutathione
2267,glyburide
2268,glyburide-micronized
2269,glyburide-metformin
2270,glycerol-phenylbutyrate
2271,glyco-flex-classic
2272,glyco-flex-feline
2273,glyco-flex-for-dogs
2274,glycolax
2275,glycopyrrolate
2276,glynase
2277,glyset
2278,glyxambi
2279,gocovri
2280,golytely
2281,gonal-f
2282,gonal-f-rff
2283,gonitro
2284,goprelto
2285,goserelin
2286,gralise
2287,granisetron
2288,granisol
2289,granix
2290,granulex
2291,grastek
2292,grifulvin-v
2293,gris-peg
2294,griseofulvin-microsize
2295,griseofulvin-ultramicrosize
2296,guaiatussin-ac
2297,guaifenesin
2298,guaifenesin-and-dextromethorphan
2299,guaifenesin-dac
2300,guaifenesin-dm
2301,guaifenesin-er
2302,guaifenesin-codeine
2303,guaifenesin-phenylephrine
2304,guaifenesin-pseudoephedrine
2305,guanabenz
2306,guanadrel
2307,guanethidine
2308,guanethidine-and-hydrochlorothiazide
2309,guanfacine
2310,guanfacine-er
2311,guanidine
2312,guselkumab
2313,gvoke
2314,gynazole-1
2315,h.p.-acthar
2316,haegarda
2317,hailey-1.5-30
2318,hailey-24-fe
2319,hailey-fe-1.5-30
2320,hailey-fe-1-20
2321,halaven
2322,halcinonide
2323,halcion
2324,haldol
2325,halflytely-and-bisacodyl
2326,halobetasol
2327,halobetasol-tazarotene
2328,halog
2329,haloperidol
2330,harvoni
2331,havrix
2332,hcg
2333,heartgard-for-cats
2334,heartgard-for-dogs
2335,heartgard-plus
2336,heather
2337,hecoria
2338,hectorol
2339,helidac
2340,helixate-fs
2341,hemabate
2342,hemady
2343,hemangeol
2344,hematogen
2345,hematogen-fa
2346,hematogen-forte
2347,hemlibra
2348,hemmorex-hc
2349,hemocyte-f
2350,hemocyte-plus
2351,hemofil-m
2352,hemril
2353,hepagam-b
2354,heparin-sodium
2355,hepatitis-a-and-hepatitis-b-vaccine
2356,hepatitis-a-vaccine
2357,hepatitis-b-immune-globulin
2358,heplisav-b
2359,hepsera
2360,herceptin
2361,herceptin-hylecta
2362,herzuma
2363,hetlioz
2364,hetlioz-lq
2365,hexalen
2366,hiberix
2367,hibiclens
2368,hidex
2369,hiprex
2370,histex-pd
2371,histex-ac
2372,histex-dm
2373,hizentra
2374,horizant
2375,hpr-plus
2376,humalog
2377,humalog-50-50
2378,humalog-75-25
2379,humate-p
2380,humatin
2381,humatrope
2382,humira
2383,humulin-70-30
2384,humulin-n
2385,humulin-r
2386,hyalgan
2387,hycamtin
2388,hycet
2389,hycodan
2390,hycofenix
2391,hydergine
2392,hydra-zide
2393,hydralazine
2394,hydralazine-hydrochlorothiazide-and-reserpine
2395,hydrea
2396,hydro-ride
2397,hydrochlorothiazide
2398,hydrocodone-er
2399,hydrocodone-acetaminophen
2400,hydrocodone-aspirin
2401,hydrocodone-chlorpheniramine
2402,hydrocodone-chlorpheniramine-er
2403,hydrocodone-chlorpheniramine-pseudoephedrine
2404,hydrocodone-homatropine
2405,hydrocodone-ibuprofen
2406,hydrocodone-pseudoephedrine
2407,hydrocortisone
2408,hydrocortisone-acetate
2409,hydrocortisone-and-iodochlorhydroxyquin
2410,hydrocortisone-butyrate
2411,hydrocortisone-butyrate-lipid
2412,hydrocortisone-enema
2413,hydrocortisone-non-prescription
2414,hydrocortisone-valerate
2415,hydrocortisone-acetic-acid
2416,hydrocortisone-iodoquinol
2417,hydrocortisone-pramoxine
2418,hydrodiuril
2419,hydromet
2420,hydromorphone
2421,hydromorphone-er
2422,hydropres
2423,hydroquinone
2424,hydroquinone-sunscreen
2425,hydroquinone-time-release
2426,hydroxocobalamin
2427,hydroxychloroquine
2428,hydroxyprogesterone
2429,hydroxypropyl-cellulose
2430,hydroxyurea
2431,hydroxyzine-hydrochloride
2432,hydroxyzine-pamoate
2433,hygroton
2434,hylafem
2435,hylatopic
2436,hylatopicplus
2437,hylorel
2438,hyomax-dt
2439,hyomax-ft
2440,hyomax-sl
2441,hyomax-sr
2442,hyophen
2443,hyoscyamine
2444,hyoscyamine-and-phenyltoloxamine
2445,hyoscyamine-er
2446,hyosyne
2447,hypercare
2448,hyperrho
2449,hysingla-er
2450,hytrin
2451,hyzaar
2452,hyzyd
2453,ibandronate
2454,ibrance
2455,ibrexafungerp
2456,ibrutinib
2457,ibsrela
2458,ibudone
2459,ibuprofen
2460,ibuprofen-junior-strength
2461,ibuprofen-lysine
2462,ibuprofen-non-prescription
2463,ibuprofen-pm
2464,ibuprofen-famotidine
2465,ibuprofen-pseudoephedrine
2466,ibutilide-fumarate
2467,icatibant
2468,iclusig
2469,icosapent-ethyl
2470,idarucizumab
2471,idecabtagene-vicleucel
2472,idelalisib
2473,idhifa
2474,idursulfase
2475,ifex
2476,ifosfamide
2477,ilaris
2478,ilevro
2479,iloperidone
2480,iloprost
2481,ilotycin
2482,ilumya
2483,iluvien
2484,imatinib
2485,imbruvica
2486,imcivree
2487,imdevimab
2488,imdur
2489,imfinzi
2490,imidacloprid-permethrin-pyripoxyfen
2491,imiglucerase
2492,imipramine-hydrochloride
2493,imipramine-pamoate
2494,imiquimod
2495,imitrex
2496,imitrex-statdose
2497,immunerx
2498,imodium
2499,imodium-a-d
2500,imovax
2501,impavido
2502,impeklo
2503,implanon
2504,impoyz
2505,imuran
2506,imvexxy
2507,inbrija
2508,incassia
2509,incivek
2510,incobotulinumtoxina
2511,increlex
2512,incruse-ellipta
2513,incurin
2514,indacaterol
2515,indapamide
2516,inderal
2517,inderal-la
2518,inderal-xl
2519,inderide
2520,indinavir-sulfate
2521,indocin
2522,indocin-sr
2523,indomethacin
2524,indomethacin-er
2525,inebilizumab-cdon
2526,infanrix
2527,infants-acetaminophen
2528,infants-advil
2529,infants-ibuprofen
2530,infants-mapap
2531,infants-motrin
2532,infants-tylenol
2533,infed
2534,infergen
2535,infigratinib
2536,infigratinib-phosphate
2537,inflamase-forte
2538,inflectra
2539,infliximab
2540,infliximab-abda
2541,infliximab-axxq
2542,infliximab-dyyb
2543,infugem
2544,ingenol
2545,ingrezza
2546,injectafer
2547,inlyta
2548,inmazeb
2549,innopran-xl
2550,inpen
2551,inqovi
2552,inrebic
2553,inspra
2554,insulin-aspart
2555,insulin-aspart-70-30
2556,insulin-degludec-and-insulin-aspart
2557,insulin-detemir
2558,insulin-glulisine
2559,insulin-lispro
2560,insulin-lispro-75-25
2561,intal
2562,integra
2563,integra-f
2564,integra-plus
2565,integrilin
2566,intelence
2567,interceptor
2568,intermezzo
2569,intrarosa
2570,intron-a
2571,introvale
2572,intuniv
2573,invagesic
2574,invanz
2575,invega
2576,invega-sustenna
2577,invega-trinza
2578,inveltys
2579,invirase
2580,invokamet
2581,invokamet-xr
2582,invokana
2583,iodoquinol-hydrocortisone-aloe
2584,iodosorb
2585,ionsys
2586,iophen-c-nr
2587,iophen-dm-nr
2588,iophen-nr
2589,iopidine
2590,ipilimumab
2591,ipol
2592,ipratropium
2593,ipratropium-albuterol
2594,iquix
2595,irbesartan
2596,irbesartan-hctz
2597,irenka
2598,iressa
2599,irinotecan
2600,irospan
2601,isavuconazonium-sulfate
2602,isentress
2603,isibloom
2604,ismelin
2605,isocarboxazid
2606,isometheptene-caffeine-acetaminophen
2607,isometheptene-dichloralphenazone-acetaminophen
2608,isonarif
2609,isoniazid
2610,isoproterenol
2611,isoproterenol-hydrochloride
2612,isoptin
2613,isopto-atropine
2614,isopto-carpine
2615,isordil
2616,isosorbide-dinitrate
2617,isosorbide-mononitrate
2618,isosorbide-mononitrate-er
2619,isosorbide-hydralazine
2620,isotretinoin
2621,isoxsuprine
2622,isradipine
2623,istalol
2624,istodax
2625,istradefylline
2626,isturisa
2627,isuprel
2628,itraconazole
2629,ivabradine
2630,ivacaftor
2631,iverhart-max
2632,iverhart-plus
2633,ivermectin
2634,ivermectin-pyrantel-for-dogs
2635,ixabepilone
2636,ixekizumab
2637,ixempra
2638,ixiaro
2639,ixinity
2640,izba
2641,jadenu
2642,jaimiess
2643,jakafi
2644,jalyn
2645,jantoven
2646,janumet
2647,janumet-xr
2648,januvia
2649,jardiance
2650,jasmiel
2651,jatenzo
2652,jelmyto
2653,jemperli
2654,jencycla
2655,jentadueto
2656,jentadueto-xr
2657,jetrea
2658,jeuveau
2659,jevantique
2660,jevantique-lo
2661,jevtana
2662,jinteli
2663,jolessa
2664,jolivette
2665,jornay-pm
2666,jublia
2667,juleber
2668,juluca
2669,junel-1.5-30
2670,junel-1-20
2671,junel-fe-1.5-30
2672,junel-fe-1-20
2673,junel-fe-24
2674,juvisync
2675,juxtapid
2676,jynarque
2677,k-brovet
2678,k-effervescent
2679,k-phos
2680,k-phos-2
2681,k-phos-mf
2682,k-phos-neutral
2683,k-tab
2684,k9-advantix-ii
2685,kadcyla
2686,kadian
2687,kaitlib-fe
2688,kalbitor
2689,kaletra
2690,kalexate
2691,kalliga
2692,kalydeco
2693,kamdoy
2694,kanjinti
2695,kanuma
2696,kapspargo
2697,kapvay
2698,karbinal-er
2699,kariva
2700,katerzia
2701,kayexalate
2702,kazano
2703,keflet
2704,keflex
2705,keftab
2706,kefzol
2707,kelnor
2708,kenalog
2709,kengreal
2710,keppra
2711,keppra-xr
2712,keragel
2713,keragelt
2714,keralac
2715,keralyt
2716,keratol
2717,kerendia
2718,kerlone
2719,kerydin
2720,kesimpta
2721,ketalar
2722,ketamine
2723,ketek
2724,ketochlor
2725,ketoconazole
2726,ketodan
2727,ketoprofen
2728,ketoprofen-er
2729,ketorolac
2730,ketotifen
2731,keveyis
2732,kevzara
2733,keytruda
2734,khapzory
2735,khedezla
2736,kimidess
2737,kimyrsa
2738,kinavet-ca1
2739,kineret
2740,kinrix
2741,kionex
2742,kisqali
2743,kisqali-femara
2744,kitabis-pak
2745,klaron
2746,klisyri
2747,klonopin
2748,klor-con
2749,klor-con-m
2750,kloxxado
2751,koate-dvi
2752,kogenate-fs
2753,kombiglyze-xr
2754,korlym
2755,korsuva
2756,koselugo
2757,kovanaze
2758,krintafel
2759,kristalose
2760,krystexxa
2761,kurvelo
2762,kuvan
2763,kwell
2764,kybella
2765,kyleena
2766,kymriah
2767,kynamro
2768,kynmobi
2769,kyprolis
2770,kytril
2771,l-methyl-b6-b12
2772,l-methyl-mc-nac
2773,l-methylfolate
2774,labetalol
2775,lac-hydrin
2776,laclotion
2777,lacosamide
2778,lacrisert
2779,lactic-acid
2780,lactinol
2781,lactulose
2782,lamictal
2783,lamictal-xr
2784,lamisil
2785,lamisil-at
2786,lamivudine
2787,lamivudine-zidovudine
2788,lamotrigine
2789,lamotrigine-er
2790,lampit
2791,laniazid
2792,lanoxin
2793,lansoprazole
2794,lansoprazole-24hr
2795,lansoprazole-amoxicillin-clarithromycin
2796,lanthanum
2797,lantus
2798,lapatinib
2799,lariam
2800,larin-1.5-30
2801,larin-1-20
2802,larin-24-fe
2803,larin-fe-1.5-30
2804,larin-fe-1-20
2805,larissia
2806,laronidase
2807,lartruvo
2808,lasix
2809,lastacaft
2810,latanoprost
2811,latisse
2812,latuda
2813,lavoclen
2814,lax-aire
2815,laxatone
2816,layolis-fe
2817,lazanda
2818,ledipasvir-sofosbuvir
2819,leena
2820,leflunomide
2821,lemtrada
2822,lenalidomide
2823,lenvatinib
2824,lenvima
2825,lenzapro-flex-patch
2826,lescol
2827,lescol-xl
2828,lesinurad
2829,lesinurad-allopurinol
2830,lessina
2831,letairis
2832,letrozole
2833,leucovorin
2834,leukeran
2835,leukine
2836,leuprolide
2837,leuprolide-and-norethindrone
2838,levalbuterol
2839,levaquin
2840,levatol
2841,levbid
2842,levemir
2843,levetiracetam
2844,levetiracetam-er
2845,levicyn
2846,levitra
2847,levlite
2848,levo-dromoran
2849,levo-t
2850,levobunolol
2851,levocarnitine
2852,levocarnitine-sf
2853,levocetirizine
2854,levocetirizine-non-prescription
2855,levofloxacin
2856,levoleucovorin
2857,levomilnacipran
2858,levomilnacipran-er
2859,levonest
2860,levonorgestrel
2861,levora
2862,levorphanol
2863,levothroid
2864,levothyroxine
2865,levothyroxine-liothyronine
2866,levoxyl
2867,levsin
2868,levulan
2869,lexapro
2870,lexette
2871,lexiscan
2872,lexiva
2873,lialda
2874,librax
2875,librium
2876,libtayo
2877,licart
2878,lidamantle-hc
2879,lidex
2880,lidex-e
2881,lidocaine
2882,lidocaine-otc
2883,lidocaine-hydrocortisone
2884,lidocaine-menthol
2885,lidocaine-methyl-salicylate-camphor
2886,lidocaine-phenylephrine-hcl
2887,lidocaine-prilocaine
2888,lidoderm
2889,lidogel
2890,lidorx
2891,lidospot
2892,lidotral
2893,lifitegrast
2894,liletta
2895,lillow
2896,limbitrol
2897,limbrel
2898,linaclotide
2899,linagliptin
2900,lincocin
2901,lincomycin
2902,lindane
2903,linezolid
2904,linzess
2905,lioresal
2906,liothyronine
2907,liotrix
2908,lipitor
2909,lipo-hepin
2910,lipofen
2911,liptruzet
2912,liquadd
2913,liquaemin
2914,lisdexamfetamine
2915,lisinopril
2916,lisinopril-hctz
2917,lithane
2918,lithium
2919,lithium-er
2920,lithobid
2921,lithonate
2922,lithostat
2923,lithotabs
2924,livalo
2925,lixisenatide
2926,lo-loestrin-fe
2927,lo-minastrin-fe
2928,lo-simpesse
2929,lo-zumandimine
2930,lo-ovral
2931,locoid
2932,locoid-lipocream
2933,lodine
2934,lodine-xl
2935,lodosyn
2936,lodoxamide
2937,lodrane-d
2938,loestrin-1.5-30
2939,loestrin-1-20
2940,loestrin-24-fe
2941,loestrin-fe-1.5-30
2942,loestrin-fe-1-20
2943,lofibra
2944,lojaimiess
2945,lokara
2946,lokelma
2947,lomaira
2948,lomedia-24-fe
2949,lomitapide
2950,lomotil
2951,lomustine
2952,lonapegsomatropin-tcgd
2953,loncastuximab-tesirine
2954,lonhala-magnair
2955,loniten
2956,lonox
2957,lonsurf
2958,loperamide
2959,loperamide-a-d
2960,loperamide-simethicone
2961,lopid
2962,lopinavir-ritonavir
2963,lopreeza
2964,lopressor
2965,lopressor-hct
2966,loprox
2967,lopurin
2968,loratadine
2969,loratadine-pseudoephedrine
2970,lorazepam
2971,lorbrena
2972,lorcet
2973,lortab
2974,loryna
2975,lorzone
2976,losartan
2977,losartan-hctz
2978,loseasonique
2979,lotemax
2980,lotemax-sm
2981,lotensin
2982,lotensin-hct
2983,loteprednol
2984,loteprednol-and-tobramycin
2985,lotrel
2986,lotrimin
2987,lotrimin-ultra
2988,lotrisone
2989,lotronex
2990,lovastatin
2991,lovaza
2992,lovenox
2993,low-ogestrel
2994,loxapine
2995,loxitane
2996,loyon
2997,lozol
2998,lubiprostone
2999,lucemyra
3000,lucentis
3001,ludent
3002,ludiomil
3003,lufyllin
3004,lufyllin-gg
3005,luliconazole
3006,lumakras
3007,lumateperone
3008,lumigan
3009,luminal
3010,lumizyme
3011,lumoxiti
3012,lunesta
3013,lupaneta
3014,lupkynis
3015,lupron
3016,lupron-depot
3017,lupron-depot-ped
3018,lurasidone
3019,lusduna
3020,lustra
3021,lustra-af
3022,lutera
3023,luvox
3024,luvox-cr
3025,luxamend
3026,luxiq
3027,luxturna
3028,luzu
3029,lybalvi
3030,lybrel
3031,lyllana
3032,lymepak
3033,lynparza
3034,lyrica
3035,lyrica-cr
3036,lysodren
3037,lysteda
3038,lyumjev
3039,lyza
3040,macitentan
3041,macrilen
3042,macrobid
3043,macrodantin
3044,macugen
3045,mafenide
3046,magnacet
3047,magnesium-citrate
3048,magnesium-oxide
3049,magnesium-sulfate
3050,makena
3051,malarone
3052,malaseb
3053,malathion
3054,mandelamine
3055,mannitol
3056,mapap
3057,mapap-arthritis-pain
3058,mapap-cold
3059,mapap-extra-strength
3060,mapap-pm
3061,maprotiline
3062,mar-cof-bp
3063,mar-cof-cg
3064,maraviroc
3065,marbofloxacin
3066,margenza
3067,marin-for-cats
3068,marin-for-dogs
3069,marinol
3070,marlissa
3071,marnatal-f
3072,maropitant
3073,marplan
3074,marqibo
3075,marten
3076,masitinib
3077,matulane
3078,matzim-la
3079,mavenclad
3080,mavik
3081,mavyret
3082,maxair-autohaler
3083,maxalt
3084,maxalt-mlt
3085,maxaron-forte
3086,maxidex
3087,maxidone
3088,maxipeme
3089,maxitrol
3090,maxivate
3091,maxzide
3092,mayzent
3093,measles-mumps-and-rubella-virus-vaccine
3094,measles-mumps-rubella-and-varicella-virus-vaccine
3095,mebendazole
3096,meclizine
3097,meclizine-non-prescription
3098,meclodium
3099,meclofenamate
3100,meclomen
3101,medrol
3102,medroxyprogesterone
3103,mefenamic-acid
3104,mefloquine
3105,megace
3106,megace-es
3107,megestrol
3108,mekinist
3109,mektovi
3110,melatonin
3111,mellaril
3112,melodetta-24-fe
3113,meloxicam
3114,melpaque-hp
3115,melphalan
3116,melquin-3
3117,melquin-hp
3118,memantine
3119,memantine-er
3120,memantine-donepezil
3121,men-s-rogaine
3122,menactra
3123,menest
3124,menhibrix
3125,menopur
3126,menostar
3127,menquadfi
3128,mentax
3129,menthol
3130,menthol-zinc
3131,menveo
3132,meperidine
3133,meperitab
3134,mephyton
3135,mepolizumab
3136,meprobamate
3137,mepron
3138,mepsevii
3139,mercaptopurine
3140,meropenem
3141,merrem
3142,merzee
3143,mesalamine
3144,mesalamine-dr
3145,mesalamine-er
3146,mesna
3147,mesnex
3148,mestinon
3149,metacam
3150,metadate-cd
3151,metadate-er
3152,metafolbic
3153,metafolbic-plus
3154,metaglip
3155,metamucil
3156,metanx
3157,metaproterenol
3158,metaxalone
3159,metformin
3160,metformin-and-linagliptin
3161,metformin-er-fortamet
3162,metformin-er-glucophage-xr
3163,metformin-er-glumetza
3164,methadone
3165,methadose
3166,methamphetamine
3167,methazolamide
3168,methenamine-hippurate
3169,methenamine-mandelate
3170,methergine
3171,methigel
3172,methimazole
3173,methio-form
3174,methitest
3175,methlnaltrexone
3176,methocarbamol
3177,methotrexate
3178,methoxsalen
3179,methscopolamine
3180,methsuximide
3181,methyclothiazide
3182,methyl-salicylate
3183,methylcobalamin
3184,methyldopa
3185,methyldopa-chlorothiazide
3186,methyldopa-hctz
3187,methylene-blue
3188,methylergonovine
3189,methylin
3190,methylin-er
3191,methylphenidate
3192,methylphenidate-cd
3193,methylphenidate-er
3194,methylphenidate-la
3195,methylphenidate-sr
3196,methylphenidate-xr
3197,methylprednisolone
3198,methylprednisolone-acetate
3199,methylprednisolone-sodium-succinate
3200,methyltestosterone
3201,metipranolol
3202,metoclopramide
3203,metolazone
3204,metopirone
3205,metoprolol
3206,metoprolol-er
3207,metoprolol-hctz
3208,metozolv
3209,metreleptin
3210,metrocream
3211,metrogel
3212,metrogel-vaginal
3213,metrolotion
3214,metronidazole
3215,metyrapone
3216,metyrosine
3217,mevacor
3218,mexiletine
3219,mexitil
3220,miacalcin
3221,mibelas-24-fe
3222,micafungin
3223,micardis
3224,micardis-hct
3225,miconazole
3226,miconazole-1
3227,miconazole-3
3228,miconazole-7
3229,micort-hc
3230,micro-k
3231,microgestin-1.5-30
3232,microgestin-1-20
3233,microgestin-24-fe
3234,microgestin-fe-1.5-30
3235,microgestin-fe-1-20
3236,micronase
3237,micronor
3238,microsulfon
3239,microzide
3240,midamor
3241,midazolam
3242,midodrine
3243,midrin
3244,mifeprex
3245,mifepristone
3246,migergot
3247,miglitol
3248,miglustat
3249,migranal
3250,milbemite
3251,mili
3252,milk-of-magnesia
3253,millipred
3254,milnacipran
3255,milrinone
3256,miltefosine
3257,miltown
3258,mimvey
3259,minastrin-24-fe
3260,minipress
3261,minitran
3262,minivelle
3263,minizide
3264,minocin
3265,minocycline
3266,minocycline-er
3267,minodyl
3268,minolira
3269,minoxidil
3270,minoxidil-non-prescription
3271,miostat
3272,mipomersen
3273,mirabegron
3274,miralax
3275,mirapex
3276,mirapex-er
3277,mircera
3278,mircette
3279,mirena
3280,mirtazapine
3281,mirvaso
3282,misoprostol
3283,mita-clear
3284,mitaban
3285,mitigare
3286,mitomycin
3287,mitosol
3288,mitotane
3289,mitoxantrone
3290,mmr
3291,moban
3292,mobic
3293,mobocertinib
3294,modafinil
3295,moderiba
3296,modicon
3297,moduretic
3298,moexipril
3299,moexipril-hctz
3300,mogamulizumab-kpkc
3301,molindone
3302,mometamax
3303,mometasone
3304,mometasone-and-formoterol
3305,mondoxyne-nl
3306,monistat-1
3307,monistat-3
3308,monistat-7
3309,monjuvi
3310,mono-gesic
3311,mono-linyah
3312,monoclate-p
3313,monodox
3314,monoferric
3315,monoject
3316,monoket
3317,mononessa
3318,mononine
3319,monopril
3320,monopril-hct
3321,monovisc
3322,montelukast
3323,monurol
3324,more-cowbell
3325,morgidox
3326,morphabond-er
3327,morphine
3328,morphine-and-naltrexone
3329,morphine-er
3330,morphine-once-daily
3331,motegrity
3332,motofen
3333,motrin
3334,motrin-ib
3335,motrin-junior-strength
3336,motrin-pm
3337,movantik
3338,moviprep
3339,moxatag
3340,moxetumomab-pasudotox-tdfk
3341,moxeza
3342,moxidectin
3343,moxifloxacin
3344,mozobil
3345,ms-contin
3346,mucinex
3347,mucinex-d
3348,mucinex-dm
3349,mucomyst
3350,mulpleta
3351,multaq
3352,multigen
3353,multigen-folic
3354,multigen-plus
3355,multilex-tm
3356,multivitamin-with-fluoride
3357,multivitamin-with-fluoride-and-iron
3358,mupirocin
3359,muse
3360,mustargen
3361,mvasi
3362,my-way-emergency-contraceptive
3363,myalept
3364,myambutol
3365,mycamine
3366,mycapssa
3367,mycelex
3368,mycifradin
3369,myco-triacet-ii
3370,mycobutin
3371,mycolog-ii
3372,mycophenolate
3373,mycophenolic-acid
3374,mycostatin
3375,mydayis
3376,mydriacyl
3377,myfembree
3378,myfortic
3379,mykacet
3380,mykrox
3381,myleran
3382,mylotarg
3383,myorisan
3384,myozyme
3385,myrbetriq
3386,mysoline
3387,mytesi
3388,mytrex-f
3389,myxredlin
3390,myzilra
3391,nabilone
3392,nabumetone
3393,nadolol
3394,nadolol-bendroflumethiazide
3395,nafarelin
3396,naftifine
3397,naftin
3398,naglazyme
3399,nalbuphine
3400,naldemedine
3401,nalfon
3402,nalocet
3403,naloxegol
3404,naloxone
3405,naltrexone
3406,naltrexone-and-bupropion
3407,namenda
3408,namenda-xr
3409,namzaric
3410,nandrolone-decanoate
3411,naphazoline
3412,naprelan
3413,naprosyn
3414,naproxen
3415,naproxen-dr
3416,naproxen-er
3417,naproxen-non-prescription
3418,naproxen-pm
3419,naproxen-esomeprazole-dr
3420,naratriptan
3421,narcan
3422,nardil
3423,naropin
3424,nasacort-allergy
3425,nasacort-aq
3426,nasalide
3427,nascobal
3428,nasemnogene-abeparvovec-xioi
3429,nasonex
3430,natacyn
3431,natafort
3432,natalizumab
3433,natalvirt-90-dha
3434,natalvirt-ca
3435,natalvirt-flt
3436,natamycin
3437,natazia
3438,nateglinide
3439,natelle-one
3440,natesto
3441,natpara
3442,natroba
3443,nature-throid
3444,navane
3445,navelbine
3446,nayzilam
3447,nebivolol
3448,nebupent
3449,necon-0.5-35
3450,necon-1-35
3451,necon-1-50
3452,necon-10-11
3453,necon-7-7-7
3454,nedocromil
3455,neevo-dha
3456,nefazodone
3457,nelfinavir
3458,neo-polycin
3459,neo-polycin-hc
3460,neo-synalar
3461,neobenz-micro
3462,neobiotic
3463,neomycin
3464,neomycin-polymyxin-b-bacitracin
3465,neomycin-polymyxin-b-bacitracin-non-prescription
3466,neomycin-polymyxin-b-bacitracin-hydrocortisone
3467,neomycin-polymyxin-b-dexamethasone
3468,neomycin-polymyxin-b-gramicidin
3469,neomycin-polymyxin-b-hydrocortisone
3470,neomycin-polymyxin-b-pramoxine
3471,neoprofen
3472,neoral
3473,neosalus
3474,neosporin
3475,neosporin-prescription
3476,neostigmine-methylsulfate
3477,nephplex-rx
3478,nephro-vite-rx
3479,nephrocaps
3480,nephrocaps-qt
3481,nephron-fa
3482,neptazane
3483,neratinib
3484,nerlynx
3485,nesina
3486,nestabs
3487,nestabs-dha
3488,netspot
3489,netupitant-palonosetron
3490,neuac
3491,neulasta
3492,neumega
3493,neupogen
3494,neupro
3495,neuracin
3496,neurontin
3497,neutrasal
3498,nevanac
3499,nevirapine
3500,nevirapine-er
3501,nexa-plus
3502,nexa-select
3503,nexavar
3504,nexesta-fe
3505,nexgard
3506,nexium
3507,nexium-24hr
3508,nexletol
3509,nexlizet
3510,nexplanon
3511,next-choice
3512,next-choice-one-dose
3513,nexterone
3514,nextstellis
3515,nexviazyme
3516,niacin
3517,niacin-and-simvastatin
3518,niacin-er
3519,niacin-lovastatin
3520,niacor
3521,niaspan
3522,nicadan
3523,nicardipine
3524,nicazel
3525,nicazel-forte
3526,nicoderm-cq
3527,nicomide
3528,nicomide-biphasic
3529,nicorette
3530,nicotinamide
3531,nicotine
3532,nicotrol
3533,nifediac-cc
3534,nifedical-xl
3535,nifedipine
3536,nifedipine-er-adalat-cc
3537,nifedipine-er-procardia-xl
3538,nikki
3539,nilandron
3540,nilotinib
3541,nilutamide
3542,nimodipine
3543,ninjacof
3544,ninjacof-d
3545,ninlaro
3546,nintedanib
3547,nipent
3548,niraparib
3549,niravam
3550,nisoldipine
3551,nitazoxanide
3552,nitenpyram
3553,nitisinone
3554,nitro-bid
3555,nitro-dur
3556,nitro-time
3557,nitrofurantoin
3558,nitrofurantoin-mono-macro
3559,nitroglycerin
3560,nitroglycerin-er
3561,nitrolingual
3562,nitromist
3563,nitropress
3564,nitrostat
3565,nityr
3566,niva-plus
3567,nivatopic-plus
3568,nivestym
3569,nivolumab
3570,nix
3571,nizatidine
3572,nizoral
3573,nizoral-a-d
3574,nocdurna
3575,noctiva
3576,nodolor
3577,nolix
3578,nolvadex
3579,nor-qd
3580,nora-be
3581,norco
3582,nordette
3583,norditropin
3584,norel-ad
3585,norelgestromin-ethinyl-estradiol
3586,norethindrone
3587,norethindrone-acetate
3588,norethindrone-ethinyl-estradiol-ferrous-fumarate
3589,norflex
3590,norfloxacin
3591,norgesic
3592,norgestimate-ethinyl-estradiol
3593,norinyl-1-35
3594,norinyl-1-50
3595,noritate
3596,norlyda
3597,norlyroc
3598,normodyne
3599,noroxin
3600,norpace
3601,norpace-cr
3602,norpramin
3603,northera
3604,nortrel-0.5-35
3605,nortrel-1-35
3606,nortrel-7-7-7
3607,nortriptyline
3608,norvasc
3609,norvir
3610,nourianz
3611,nova-max
3612,novacort
3613,novarel
3614,novoeight
3615,novofine
3616,novolin-70-30
3617,novolin-n
3618,novolin-r
3619,novolog
3620,novolog-70-30
3621,novoseven-rt
3622,novotwist
3623,novox
3624,noxafil
3625,np-thyroid
3626,nplate
3627,nubeqa
3628,nucala
3629,nucort
3630,nucynta
3631,nucynta-er
3632,nuedexta
3633,nufola
3634,nulibry
3635,nulojix
3636,nulytely
3637,numbrino
3638,nupercainal
3639,nuplazid
3640,nuquin-hp
3641,nurtec
3642,nutraseb
3643,nutri-cal-for-cats
3644,nutri-cal-for-dogs
3645,nutropin
3646,nutropin-aq
3647,nuvail
3648,nuvakaan
3649,nuvaring
3650,nuvessa
3651,nuvigil
3652,nuzyra
3653,nyamyc
3654,nydrazid
3655,nylia-1-35
3656,nylia-7-7-7
3657,nymalize
3658,nyquil
3659,nyquil-cough
3660,nystatin
3661,nystatin-triamcinolone
3662,nystop
3663,nyvepria
3664,ob-complete-gold
3665,ob-complete-one
3666,ob-complete-petite
3667,ob-complete-premier
3668,obeticholic-acid
3669,obinutuzumab
3670,obizur
3671,obredon
3672,ocaliva
3673,ocella
3674,oclacitinib
3675,ocrelizumab
3676,ocrevus
3677,ocriplasmin
3678,octreotide
3679,ocufen
3680,ocuflox
3681,ocupress
3682,odactra
3683,odefsey
3684,odevixibat
3685,odomzo
3686,ofatumumab
3687,ofev
3688,ofirmev
3689,ofloxacin
3690,oforta
3691,ogen
3692,ogestrel
3693,ogivri
3694,okebo
3695,olanzapine
3696,olanzapine-samidorphan
3697,olanzapine-fluoxetine
3698,olaparib
3699,oleptro
3700,olinvyk
3701,olmesartan
3702,olmesartan-amlodipine-hctz
3703,olmesartan-hctz
3704,olodaterol
3705,olopatadine
3706,olopatadine-non-prescription
3707,olsalazine
3708,olumiant
3709,olux
3710,olux-e
3711,olysio
3712,omadacycline
3713,omalizumab
3714,omeclamox-pak
3715,omega-3-acid-ethyl-esters
3716,omegaven
3717,omeprazole
3718,omeprazole-otc
3719,omeprazole-sodium-bicarbonate
3720,omeprazole-sodium-bicarbonate-otc
3721,omnaris
3722,omnicef
3723,omnipaque
3724,omnipen
3725,omnipod
3726,omnipod-dash
3727,omnipred
3728,omnitrope
3729,omtryg
3730,onabotulinumtoxina
3731,oncaspar
3732,oncovin
3733,ondansetron
3734,onetouch
3735,onexton
3736,onfi
3737,ongentys
3738,onglyza
3739,onivyde
3740,onmel
3741,onpattro
3742,onsior
3743,onsolis
3744,ontruzant
3745,onureg
3746,onzetra
3747,opana
3748,opana-er
3749,opcicon
3750,opdivo
3751,opium
3752,oprelvekin
3753,opsumit
3754,opticrom
3755,optimmune
3756,optipranolol
3757,optiray-240
3758,optiray-300
3759,optiray-320
3760,optiray-350
3761,optivar
3762,opzelura
3763,oracea
3764,oralair
3765,oramorph-sr
3766,orap
3767,orapred
3768,oravig
3769,orbactiv
3770,orbax
3771,orencia
3772,orenitram
3773,oretic
3774,orfadin
3775,orgatrax
3776,orgovyx
3777,oriahnn
3778,orilissa
3779,orinase
3780,oritavancin
3781,orkambi
3782,orladeyo
3783,orlex
3784,orphenadrine
3785,orphenadrine-er
3786,orphenadrine-aspirin-caffeine
3787,orphengesic
3788,orphengesic-forte
3789,orsythia
3790,ortho-evra
3791,ortho-tri-cyclen
3792,ortho-tri-cyclen-lo
3793,ortho-cept
3794,ortho-cyclen
3795,ortho-novum-1-35
3796,ortho-novum-10-11
3797,ortho-novum-7-7-7
3798,orthovisc
3799,ortikos
3800,orudis
3801,oruvail
3802,oscimin
3803,oscimin-sr
3804,oseltamivir
3805,oseni
3806,osmolex-er
3807,osmoprep
3808,ospemifene
3809,osphena
3810,osurnia
3811,otezla
3812,otiprio
3813,oto-end
3814,otocort
3815,otomax
3816,otomite-plus
3817,otovel
3818,otrexup
3819,ovace
3820,ovace-plus
3821,ovcon-35
3822,ovcon-50
3823,ovide
3824,ovidrel
3825,ovral
3826,oxacillin
3827,oxaliplatin
3828,oxandrin
3829,oxandrolone
3830,oxaprozin
3831,oxaydo
3832,oxazepam
3833,oxbryta
3834,oxcarbazepine
3835,oxecta
3836,oxervate
3837,oxiconazole
3838,oxistat
3839,oxlumo
3840,oxsoralen
3841,oxsoralen-ultra
3842,oxtellar-xr
3843,oxybutynin
3844,oxybutynin-er
3845,oxycodone
3846,oxycodone-and-naloxone
3847,oxycodone-er
3848,oxycodone-acetaminophen
3849,oxycodone-aspirin
3850,oxycodone-ibuprofen
3851,oxycontin
3852,oxymetazoline
3853,oxymetholone
3854,oxymorphone
3855,oxymorphone-er
3856,oxytetracycline-and-polymyxin-b
3857,oxytocin
3858,oxytrol
3859,oxytrol-for-women
3860,oysco-500-plus-d
3861,oyster-shell-calcium-with-d
3862,ozanimod
3863,ozempic
3864,ozobax
3865,ozurdex
3866,pacerone
3867,paclitaxel
3868,pacnex-hp
3869,pacnex-lp
3870,pacnex-mx
3871,padcev
3872,paire-ob-plus-dha
3873,pala-tech-thyroid
3874,palbociclib
3875,palforzia
3876,palgic
3877,paliperidone-er
3878,paliperidone-palmitate
3879,palivizumab
3880,palonosetron
3881,palynziq
3882,pamelor
3883,pamine
3884,pamine-forte
3885,panacur-c
3886,panakare-plus
3887,pancreaze
3888,pancrelipase
3889,pancreved
3890,pancrezyme
3891,pandel
3892,panheprin
3893,panlor-dc
3894,panmycin
3895,panobinostat
3896,panretin
3897,pantoprazole
3898,parafon-forte-dsc
3899,paragard
3900,paraplatin
3901,parastar
3902,parastar-plus
3903,parcopa
3904,paricalcitol
3905,parlodel
3906,parnate
3907,paroex
3908,paromomycin
3909,paroxetine
3910,paroxetine-er
3911,parsabiv
3912,pataday
3913,pataday-non-prescription
3914,patanase
3915,patanol
3916,pathocil
3917,paxil
3918,paxil-cr
3919,pazeo
3920,pazopanib
3921,pce
3922,pedi-dri
3923,pediapred
3924,pediarix
3925,pediazole
3926,pediotic
3927,pedvaxhib
3928,peg-3350-and-electrolytes
3929,peganone
3930,pegaptanib
3931,pegasys
3932,pegcetacoplan
3933,pegfilgrastim
3934,pegfilgrastim-bmez
3935,pegintron
3936,pegloticase
3937,pegvisomant
3938,pemazyre
3939,pembrolizumab
3940,pemetrexed
3941,pemirolast
3942,penbritin
3943,penbutolol
3944,penciclovir
3945,penicillamine
3946,penicillin-g-potassium
3947,penicillin-v-potassium
3948,penlac
3949,pennsaid
3950,pentacel
3951,pentam-300
3952,pentamidine
3953,pentasa
3954,pentazocine-acetaminophen
3955,pentazocine-naloxone
3956,pentips
3957,pentobarbital
3958,pentolair
3959,pentosan
3960,pentoxifylline
3961,pepaxto
3962,pepcid
3963,pepcid-ac
3964,pepcid-complete
3965,peramivir
3966,perampanel
3967,percocet
3968,percodan
3969,percorten-v
3970,perforomist
3971,periactin
3972,peridex
3973,perindopril
3974,perindopril-and-amlodipine
3975,periogard
3976,periostat
3977,perjeta
3978,permethrin
3979,permethrin-non-prescription
3980,permitil
3981,perphenazine
3982,perphenazine-amitriptyline
3983,persantine
3984,pertuzumab
3985,pertzye
3986,pet-armor-for-cats
3987,pet-armor-for-dogs
3988,pet-armor-pro-advanced
3989,petromalt
3990,pexeva
3991,pexidartinib
3992,pfizerpen
3993,phenadoz
3994,phenazopyridine
3995,phenazopyridine-non-prescription
3996,phendimetrazine
3997,phendimetrazine-er
3998,phenelzine
3999,phenergan
4000,phenergan-vc
4001,phenergan-vc-with-codeine
4002,phenergan-with-codeine
4003,phenobarbital
4004,phenohytro
4005,phenoxybenzamine
4006,phentermine
4007,phentermine-and-topiramate
4008,phenylbutazone
4009,phenylephrine
4010,phenylephrine-non-prescription
4011,phenylephrine-pe
4012,phenylpropanolamine
4013,phenytek
4014,phenytoin
4015,pherazine-dm
4016,pherazine-vc
4017,pherazine-vc-with-codeine
4018,pherazine-with-codeine
4019,phesgo
4020,phexxi
4021,philith
4022,phluorivit
4023,phluorivit-with-iron
4024,phoslo
4025,phoslyra
4026,phospha-250-neutral
4027,phospholine-iodide
4028,photrexa
4029,photrexa-viscous
4030,phrenilin
4031,phrenilin-forte
4032,phycox
4033,phytonadione
4034,picato
4035,pifeltro
4036,pilocarpine
4037,pilopine-hs
4038,pimavanserin-tartrate
4039,pimecrolimus
4040,pimobendan
4041,pimozide
4042,pimtrea
4043,pindolol
4044,pink-bismuth
4045,pioglitazone
4046,pioglitazone-glimepiride
4047,pioglitazone-metformin
4048,piperacillin-tazobactam
4049,piqray
4050,pirfenidone
4051,pirmella-1-35
4052,pirmella-7-7-7
4053,piroxicam
4054,pitavastatin
4055,pitocin
4056,pitolisant
4057,pizensy
4058,plan-b
4059,plan-b-one-step
4060,plaquenil
4061,platinol
4062,plavix
4063,plecanatide
4064,plegridy
4065,plendil
4066,plenity
4067,plenvu
4068,plerixafor
4069,pletal
4070,plexion
4071,pliaglis
4072,plixda
4073,pneumovax-23
4074,pnv-dha
4075,pnv-dha-plus-docusate
4076,pnv-ob-dha
4077,pnv-prenatal-plus-iron
4078,pnv-prenatal-plus-multivitamin
4079,pnv-prenatal-plus-multivitamin-+-dha
4080,pnv-select
4081,podiapn
4082,podofilox
4083,polaramine
4084,polatuzumab-vedotin
4085,polivy
4086,poly-hist-forte
4087,poly-iron
4088,poly-iron-forte
4089,poly-vi-sol
4090,poly-vi-sol-with-iron
4091,poly-vite-pediatric
4092,poly-vite-pediatric-iron
4093,polycillin
4094,polycin
4095,polyethylene-glycol-3350
4096,polyethylene-glycol-3350-non-prescription
4097,polymyxin-b
4098,polymyxin-b-trimethoprim
4099,polysporin
4100,polytrim
4101,pomalidomide
4102,pomalyst
4103,ponatinib
4104,ponesimod
4105,ponstel
4106,ponvory
4107,portia
4108,portrazza
4109,posaconazole
4110,posatex
4111,potassium-chloride
4112,potassium-chloride-er
4113,potassium-citrate
4114,potassium-citrate-citric-acid
4115,potassium-iodide
4116,poteligeo
4117,potiga
4118,povidone-iodine
4119,pr-benzoyl-peroxide
4120,pr-natal
4121,pr-natal-ec
4122,prabotulinumtoxina-xvfs
4123,pradaxa
4124,pralatrexate
4125,praluent
4126,pramipexole
4127,pramipexole-er
4128,pramlintide
4129,pramosone
4130,pramosone-e
4131,pramoxine-hc
4132,pramoxine-hcl
4133,prandimet
4134,prandin
4135,prascion
4136,prascion-fc
4137,prascion-ra
4138,prasugrel
4139,pravachol
4140,pravastatin
4141,praxbind
4142,praziquantel
4143,prazosin
4144,prazosin-and-polythiazide
4145,pre-pen
4146,precision-xtra
4147,precose
4148,pred-forte
4149,pred-mild
4150,pred-g
4151,prednicarbate
4152,prednisolone
4153,prednisolone-acetate
4154,prednisolone-sodium-phosphate
4155,prednisone
4156,prednisone-intensol
4157,preferaob
4158,preferaob-one
4159,preferaob-plus-dha
4160,prefest
4161,pregabalin
4162,pregabalin-er
4163,pregnyl
4164,prelone
4165,premarin
4166,premphase
4167,prempro
4168,prena1
4169,prena1-chew
4170,prena1-pearl
4171,prena1-plus
4172,prenaissance
4173,prenaissance-plus
4174,prenaplus
4175,prenara
4176,prenatabs-fa
4177,prenatabs-rx
4178,prenatal-19
4179,prenatal-plus
4180,prenatal-plus-iron
4181,prenatal-plus-low-iron
4182,prenate-am
4183,prenate-chewable
4184,prenate-dha
4185,prenate-elite
4186,prenate-enhance
4187,prenate-essential
4188,prenate-mini
4189,prenate-pixie
4190,prenate-restore
4191,prenate-star
4192,prenexa
4193,preplus
4194,prepopik
4195,prestalia
4196,pretomanid
4197,pretrate
4198,prevacid
4199,prevacid-24hr
4200,prevalite
4201,preventeza
4202,previcox
4203,prevident
4204,prevident-5000-booster
4205,prevident-5000-booster-plus
4206,prevident-5000-dry-mouth
4207,prevident-5000-enamel-protect
4208,prevident-5000-plus
4209,prevident-5000-sensitive
4210,previfem
4211,prevnar-13
4212,prevnar-20
4213,prevnar-7
4214,prevpac
4215,prevymis
4216,prexxartan
4217,prezcobix
4218,prezista
4219,prialt
4220,priftin
4221,prilosec
4222,prilosec-otc
4223,prilovix-lite
4224,primabella
4225,primacare
4226,primacor
4227,primaquine
4228,primatene-mist
4229,primidone
4230,primlev
4231,primor
4232,primsol
4233,principen
4234,prinivil
4235,prinzide
4236,pristiq
4237,prizotral
4238,pro-banthine
4239,proair-digihaler
4240,proair-hfa
4241,proair-respiclick
4242,proamatine
4243,probalan
4244,proben-c
4245,probenecid
4246,probenecid-colchicine
4247,probuphine
4248,procarbazine
4249,procardia
4250,procardia-xl
4251,procentra
4252,prochamber
4253,prochieve
4254,prochlorperazine
4255,prochlorperazine-edisylate
4256,procomp
4257,procort
4258,procrit
4259,procto-med-hc
4260,procto-pak
4261,proctocort
4262,proctocream-hc
4263,proctofoam-hc
4264,proctosol-hc
4265,proctozone-hc
4266,procysbi
4267,prodigy-autocode
4268,prodrin
4269,profender
4270,proferrin-forte
4271,profilnine-sd
4272,progesterone
4273,proglycem
4274,prograf
4275,program-for-cats
4276,program-for-dogs
4277,proin
4278,prolastin-c
4279,prolate
4280,prolensa
4281,proleukin
4282,prolia
4283,prolixin
4284,proloprim
4285,promacta
4286,promapar
4287,prometa
4288,promethazine
4289,promethazine-dm
4290,promethazine-vc
4291,promethazine-vc-with-codeine
4292,promethazine-codeine
4293,promethegan
4294,prometrium
4295,promiseb
4296,propafenone
4297,propafenone-er
4298,propantheline
4299,proparacaine
4300,propecia
4301,propine
4302,propofol
4303,propranolol
4304,propranolol-er
4305,propranolol-hctz
4306,propylthiouracil
4307,proquad
4308,proscar
4309,prosed-ds
4310,prosom
4311,protonix
4312,protopic
4313,protriptyline
4314,protyl-ag
4315,proventil
4316,provera
4317,provigil
4318,prozac
4319,prozinc
4320,prudoxin
4321,prumyx
4322,prutect
4323,pseudoephedrine
4324,psorcon
4325,pulmicort
4326,pulmozyme
4327,pur-absorb
4328,puralor-ci
4329,purevit-dualfe-plus
4330,purinethol
4331,purixan
4332,pylarify
4333,pylera
4334,pyoben
4335,pyrantel-and-praziquantel
4336,pyrazinamide
4337,pyridium
4338,pyridostigmine
4339,pyrimethamine
4340,q-dryl
4341,q-pap
4342,q-tussin
4343,q-tussin-dm
4344,qbrelis
4345,qbrexza
4346,qdolo
4347,qelbree
4348,qinlock
4349,qmiiz
4350,qnasl
4351,qsymia
4352,qtern
4353,qternmet-xr
4354,quadracel
4355,quadrapax
4356,qualaquin
4357,quartette
4358,quasense
4359,quazepam
4360,qudexy-xr
4361,quellin
4362,questran
4363,questran-light
4364,quetiapine
4365,quetiapine-er
4366,quflora
4367,quillichew-er
4368,quillivant-xr
4369,quinaglute
4370,quinalan
4371,quinapril
4372,quinapril-hctz
4373,quinatime
4374,quinidex
4375,quinidine-gluconate-er
4376,quinidine-sulfate
4377,quinidine-sulfate-er
4378,quinine
4379,quinora
4380,quinupristin-and-dalfopristin
4381,quixin
4382,qutenza
4383,quzyttir
4384,qvar
4385,qwo
4386,r-tanna
4387,r-tanna-pd
4388,rabavert
4389,rabeprazole-dr
4390,rabies-vaccine
4391,radicava
4392,ragwitek
4393,rajani
4394,raloxifene
4395,raltegravir
4396,ramelteon
4397,ramipril
4398,ramucirumab
4399,ranexa
4400,ranibizumab
4401,raniclor
4402,ranitidine
4403,ranitidine-otc
4404,ranolazine
4405,rapaflo
4406,rapamune
4407,rapivab
4408,raplixa
4409,rasagiline
4410,rasuvo
4411,ravicti
4412,rayaldee
4413,rayos
4414,razadyne
4415,razadyne-er
4416,re-pb-hyos
4417,rea-lo
4418,react-levonorgestrel
4419,rebetol
4420,rebif
4421,rebinyn
4422,reblozyl
4423,recarbrio
4424,recedo
4425,reclast
4426,reclipsen
4427,recombinate
4428,recombivax-hb
4429,reconcile
4430,rectacort-hc
4431,recticare-advanced
4432,rectiv
4433,reditrex
4434,refissa
4435,regimex
4436,reglan
4437,regorafenib
4438,regranex
4439,regroton
4440,reguloid
4441,relafen
4442,relafen-ds
4443,relagard
4444,relenza
4445,relexxii
4446,relion
4447,relistor
4448,relpax
4449,relugolix-estradiol-norethindrone-acetate
4450,remdesivir
4451,remedient
4452,remeron
4453,remeven
4454,remicade
4455,remodulin
4456,rena-vite-rx
4457,renacidin
4458,renagel
4459,renal-caps
4460,renaplus
4461,renflexis
4462,reno-caps
4463,renova
4464,renvela
4465,reopro
4466,repaglinide
4467,repaglinide-metformin
4468,repatha
4469,reprexain
4470,repronex
4471,requip
4472,requip-xl
4473,rescon
4474,rescriptor
4475,rescula
4476,reserpine
4477,reserpine-and-hydrochlorothiazide
4478,reslizumab
4479,restasis
4480,restora-rx
4481,restoril
4482,resultix
4483,retacrit
4484,retapamulin
4485,retevmo
4486,retin-a
4487,retin-a-micro
4488,retrovir
4489,revatio
4490,revcovi
4491,revia
4492,revlimid
4493,revolution-for-cats
4494,revolution-for-dogs
4495,revolution-for-puppies-and-kittens
4496,revonto
4497,rexulti
4498,reyataz
4499,reyvow
4500,rezira
4501,rezurock
4502,rheumatrex
4503,rhinocort-allergy
4504,rhinocort-aqua
4505,rhofade
4506,rhogam
4507,rhopressa
4508,riabni
4509,ribasphere
4510,ribavirin
4511,ribociclib
4512,ridaura
4513,rifabutin
4514,rifadin
4515,rifamate
4516,rifampin
4517,rifampin-isoniazid-and-pyrazinamide
4518,rifapentine
4519,rifater
4520,rifaximin
4521,rilexine
4522,rilonacept
4523,rilpivirine
4524,rilutek
4525,riluzole
4526,rimadyl
4527,rimantadine
4528,rimexolone
4529,rimifon
4530,rimso-50
4531,rinvoq
4532,riociguat
4533,riomet
4534,riomet-er
4535,risankizumab-rzaa
4536,risedronate
4537,risedronate-dr
4538,risperdal
4539,risperdal-consta
4540,risperdal-m-tab
4541,risperidone
4542,ritalin
4543,ritalin-la
4544,ritalin-sr
4545,ritonavir
4546,rituxan
4547,rituxan-hycela
4548,rituximab
4549,rivaroxaban
4550,rivastigmine
4551,rivelsa
4552,rizatriptan
4553,robaxin
4554,robinul
4555,robinul-forte
4556,robitussin
4557,robitussin-ac
4558,robitussin-dac
4559,robitussin-dm
4560,rocaltrol
4561,rocephin
4562,rocklatan
4563,rocuronium
4564,roflumilast
4565,rolaids
4566,romidepsin
4567,romiplostim
4568,romosozumab-aqqg
4569,rondec-d
4570,ropinirole
4571,ropinirole-er
4572,ropivacaine
4573,rosadan
4574,rosaderm
4575,rosanil
4576,rosiglitazone
4577,rosiglitazone-glimepiride
4578,rosiglitazone-metformin
4579,rosula
4580,rosuvastatin
4581,rosuvastatin-ezetimibe
4582,roszet
4583,rotarix
4584,rotateq
4585,rotavirus-vaccine
4586,rotavirus-vaccine-pentavalent
4587,rotigotine
4588,rowasa
4589,roweepra
4590,roweepra-xr
4591,roxicet
4592,roxicodone
4593,roxybond
4594,rozerem
4595,rozlytrek
4596,rubraca
4597,rucaparib
4598,ruconest
4599,rufinamide
4600,rukobia
4601,ruxience
4602,ruxolitinib
4603,ruzurgi
4604,rybelsus
4605,rybix
4606,rybrevant
4607,rydapt
4608,rylaze
4609,rynex-dm
4610,rytary
4611,rythmol
4612,rythmol-sr
4613,ryvent
4614,ryzodeg
4615,ryzolt
4616,sabril
4617,sacubitril-valsartan
4618,safinamide-mesylate
4619,safyral
4620,saizen
4621,salacyn
4622,salagen
4623,salex
4624,salicylic-acid
4625,salitop
4626,salix
4627,salkera
4628,salmeterol-xinafoate
4629,salsalate
4630,salvax
4631,samsca
4632,sanctura
4633,sanctura-xr
4634,sancuso
4635,sandimmune
4636,sandostatin
4637,sandostatin-lar-depot
4638,santyl
4639,saphnelo
4640,saphris
4641,sapropterin
4642,saquinavir
4643,sarafem
4644,sarclisa
4645,sargramostim
4646,sarilumab
4647,sarna
4648,sarolaner
4649,savaysa
4650,savella
4651,saxagliptin
4652,saxagliptin-and-metformin
4653,saxenda
4654,scabene
4655,scarsilk
4656,scenesse
4657,scopolamine
4658,se-natal-19
4659,se-natal-one
4660,se-tan-dha
4661,se-tan-plus
4662,seasonale
4663,seasonique
4664,seb-prev
4665,sebuderm
4666,secnidazole
4667,secobarbital
4668,seconal
4669,sectral
4670,secuado
4671,secukinumab
4672,seebri
4673,segluromet
4674,select-ob-plus-dha
4675,selegiline
4676,selenious-acid
4677,selenium-sulfide
4678,selfemra
4679,selinexor
4680,selpercatinib
4681,selrx
4682,selseb
4683,selzentry
4684,semglee
4685,semprex-d
4686,senexon-s
4687,senna
4688,sennosides
4689,sensipar
4690,sentinel
4691,sentinel-spectrum
4692,septra
4693,ser-ap-es
4694,serax
4695,serdexmethylphenidate-dexmethylphenidate
4696,serevent
4697,sernivo
4698,seromycin
4699,serophene
4700,seroquel
4701,seroquel-xr
4702,serostim
4703,sertraline
4704,serzone
4705,sesquient
4706,setlakin
4707,sevelamer-carbonate
4708,sevelamer-hydrochloride
4709,seysara
4710,sf-5000-plus
4711,sf-gel
4712,sfrowasa
4713,sharobel
4714,shingrix
4715,signifor
4716,signifor-lar
4717,siklos
4718,sildenafil
4719,silenor
4720,siliq
4721,silodosin
4722,siltrex
4723,siltussin-dm
4724,siltuximab
4725,silvadene
4726,silver-nitrate
4727,silver-sulfadiazine
4728,simbrinza
4729,simcor
4730,simeprevir
4731,simethicone
4732,simliya
4733,simparica
4734,simpesse
4735,simplicef
4736,simponi
4737,simponi-aria
4738,simvastatin
4739,sinecatechins
4740,sinelee
4741,sinemet
4742,sinemet-cr
4743,sinequan
4744,singulair
4745,sinuva
4746,sirolimus
4747,sirturo
4748,sitagliptin
4749,sitagliptin-and-simvastatin
4750,sitavig
4751,sivextro
4752,skelaxin
4753,skelid
4754,sklice
4755,skyla
4756,skyrizi
4757,skytrofa
4758,slentrol
4759,slynd
4760,smoflipid
4761,sodiphluor
4762,sodium-bicarbonate
4763,sodium-bicarbonate-otc
4764,sodium-chloride
4765,sodium-citrate-citric-acid
4766,sodium-fluoride
4767,sodium-nitroprusside
4768,sodium-oxybate
4769,sodium-phenylacetate-sodium-benzoate
4770,sodium-phenylbutyrate
4771,sodium-polystyrene-sulfonate
4772,sodium-sulfacetamide-sulfur
4773,sodium-potassium-magnesium
4774,sofosbuvir
4775,sofosbuvir-velpatasvir
4776,sofosbuvir-velpatasvir-voxilaprevir
4777,sogroya
4778,solaraze
4779,solia
4780,solifenacin
4781,soliqua-100-33
4782,soliris
4783,solodyn
4784,solosec
4785,soloxine
4786,soltamox
4787,solu-cortef
4788,solu-medrol
4789,soma
4790,soma-compound
4791,soma-compound-with-codeine
4792,somatuline-depot
4793,somavert
4794,sonata
4795,soolantra
4796,sorafenib
4797,soriatane
4798,sorilux
4799,sorine
4800,sotalol
4801,sotalol-af
4802,sotorasib
4803,sotret
4804,sotylize
4805,sovaldi
4806,spectazole
4807,spectracef
4808,spinetoram
4809,spinosad
4810,spinosad-and-milbemycin
4811,spinraza
4812,spiriva-handihaler
4813,spiriva-respimat
4814,spironolactone
4815,spironolactone-hctz
4816,sporanox
4817,spravato
4818,sprintec
4819,spritam
4820,sprix
4821,sprycel
4822,sps
4823,sronyx
4824,ssd
4825,sski
4826,stadol
4827,stagesic
4828,stahist-ad
4829,stalevo
4830,stamaril
4831,stanozide
4832,starlix
4833,stavudine
4834,stavzor
4835,staxyn
4836,steglatro
4837,steglujan
4838,stelara
4839,stelazine
4840,stendra
4841,sterapred
4842,sterile-water
4843,stimate
4844,stiolto
4845,stivarga
4846,strattera
4847,strensiq
4848,streptozocin
4849,striant
4850,stribild
4851,strifon-forte-dsc
4852,striverdi
4853,stromectol
4854,sublocade
4855,suboxone-film
4856,suboxone-tablet
4857,subsys
4858,subutex
4859,subvenite
4860,succimer
4861,succinylcholine
4862,sucraid
4863,sucralfate
4864,sucroferric-oxyhydroxide
4865,sudafed
4866,sudafed-pe
4867,sudafed-pe-pressure-and-pain
4868,sudafed-pressure-and-pain
4869,sular
4870,sulconazole
4871,sulfacetamide
4872,sulfacetamide-prednisolone-sodium-phosphate
4873,sulfacetamide-sulfur
4874,sulfacleanse
4875,sulfadiazine
4876,sulfadimethoxine
4877,sulfadimethoxine-and-ormetoprim
4878,sulfamethoxazole-trimethoprim
4879,sulfamylon
4880,sulfanilamide
4881,sulfasalazine
4882,sulfasalazine-dr
4883,sulfatrim
4884,sulindac
4885,sulster
4886,sumadan
4887,sumadan-xlt
4888,sumatriptan
4889,sumatriptan-statdose
4890,sumatriptan-naproxen
4891,sumavel-dosepro
4892,sumaxin
4893,sumaxin-cp
4894,sumycin
4895,sunitinib
4896,sunosi
4897,supartz
4898,supartz-fx
4899,supprelin-la
4900,suprax
4901,suprenza
4902,suprep-bowel-prep
4903,surecomfort
4904,surmontil
4905,surolan
4906,sustiva
4907,sustol-er
4908,sutab
4909,sutent
4910,suvorexant
4911,syeda
4912,sylatron
4913,sylvant
4914,symadine
4915,symax-duotab
4916,symax-fastab
4917,symax-sl
4918,symax-sr
4919,symbicort
4920,symbyax
4921,symdeko
4922,symfi
4923,symfi-lo
4924,symjepi
4925,symlinpen
4926,symmetrel
4927,sympazan
4928,symproic
4929,symtuza
4930,synagis
4931,synalar
4932,synalar-ts
4933,synalgos-dc
4934,synarel
4935,syndros
4936,synera
4937,synercid
4938,synerderm
4939,synjardy
4940,synjardy-xr
4941,synotic
4942,synovi-g3
4943,synovi-g4
4944,synovialmax
4945,synribo
4946,synthroid
4947,synvisc
4948,synvisc-one
4949,syprine
4950,tab-a-vite
4951,tabloid
4952,tabrecta
4953,taclonex
4954,taclonex-scalp
4955,tacrolimus
4956,tadalafil-adcirca
4957,tadalafil-cialis
4958,tafamidis-meglumine
4959,tafinlar
4960,tafluprost
4961,tagamet
4962,tagamet-hb
4963,tagrisso
4964,take-action
4965,takhzyro
4966,talacen
4967,talicia
4968,taliglucerase-alfa
4969,taltz
4970,talwin-nx
4971,talzenna
4972,tambocor
4973,tamiflu
4974,tamoxifen
4975,tamsulosin
4976,tandem
4977,tandem-f
4978,tandem-plus
4979,tanzeum
4980,tapazole
4981,tape-worm-tabs
4982,taperdex
4983,tarceva
4984,targadox
4985,targiniq-er
4986,targretin
4987,tarina-24-fe
4988,tarina-fe-1-20
4989,tarka
4990,taron-forte
4991,taron-bc
4992,taron-c-dha
4993,taron-prex
4994,tasigna
4995,tasimelteon
4996,tasmar
4997,tavaborole
4998,tavalisse
4999,tavist
5000,tavist-allergy
5001,taxol
5002,taxotere
5003,taysofy
5004,taytulla
5005,tazarotene
5006,tazemetostat
5007,tazorac
5008,taztia-xt
5009,tazverik
5010,tbo-filgrastim
5011,tdvax
5012,tecentriq
5013,tecfidera
5014,techlite
5015,technivie
5016,teczem
5017,tedizolid
5018,teduglutide
5019,teflaro
5020,tegretol
5021,tegretol-xr
5022,tegsedi
5023,tekamlo
5024,tekturna
5025,tekturna-hct
5026,telaprevir
5027,telbivudine
5028,telithromycin
5029,telmisartan
5030,telmisartan-amlodipine
5031,telmisartan-hctz
5032,temaril-p
5033,temazepam
5034,temixys
5035,temodar
5036,temovate
5037,temovate-e
5038,temozolomide
5039,temsirolimus
5040,tenapanor
5041,tencon
5042,tenex
5043,teniposide
5044,tenivac
5045,tenofovir
5046,tenoretic
5047,tenormin
5048,tenuate
5049,tepadina
5050,tepanil
5051,tepezza
5052,tepmetko
5053,tepotinib-hydrochloride
5054,terazol-3
5055,terazol-7
5056,terazosin
5057,terbinafine
5058,terbinafine-non-prescription
5059,terbutaline
5060,terconazole
5061,teriflunomide
5062,teriparatide
5063,terramycin
5064,tersi
5065,tesamorelin
5066,tessalon
5067,testim
5068,testopel
5069,testosterone
5070,testosterone-cypionate
5071,testosterone-enanthate
5072,testosterone-propionate
5073,testosterone-undecanoate
5074,testred
5075,tetrabenazine
5076,tetracaine
5077,tetracycline
5078,tetracyn
5079,tetravisc
5080,tetrix
5081,tev-tropin
5082,teveten
5083,teveten-hct
5084,texacort
5085,thalidomide
5086,thalitone
5087,thalomid
5088,theo-24
5089,theochron
5090,theophyllin-sr
5091,theophylline
5092,theophylline-er
5093,thera-m
5094,theraseal
5095,thermazene
5096,thioguanine
5097,thiola
5098,thiola-ec
5099,thioridazine
5100,thiotepa
5101,thiothixene
5102,thorazine
5103,thyquidity
5104,thyro-tabs
5105,thyrogen
5106,thyrokare
5107,thyrolar
5108,thyrosafe
5109,thyrotropin-alfa
5110,thyrovet
5111,tiadylt-er
5112,tiagabine
5113,tiazac
5114,tibsovo
5115,ticagrelor
5116,ticlid
5117,ticlopidine
5118,tigan
5119,tigecycline
5120,tiglutik
5121,tikosyn
5122,tildrakizumab
5123,tilia-fe
5124,tiludronate
5125,timolide
5126,timolol
5127,timolol-and-hydrochlorothiazide
5128,timoptic
5129,timoptic-ocudose
5130,timoptic-xe
5131,tinactin
5132,tindamax
5133,tinidazole
5134,tioconazole
5135,tiopronin
5136,tiotropium
5137,tiotropium-and-olodaterol
5138,tipranavir
5139,tirosint
5140,tirosint-sol
5141,tivicay
5142,tivicay-pd
5143,tivorbex
5144,tivozanib
5145,tizanidine
5146,tl-gard-rx
5147,tl-icon
5148,tl-hem
5149,tnkase
5150,tobi
5151,tobradex
5152,tobradex-st
5153,tobramycin
5154,tobramycin-dexamethasone
5155,tobrex
5156,tocilizumab
5157,tofacitinib
5158,tofranil
5159,tofranil-pm
5160,tolak
5161,tolazamide
5162,tolbutamide
5163,tolcapone
5164,tolectin
5165,tolinase
5166,tolmetin
5167,tolnaftate
5168,tolsura
5169,tolterodine
5170,tolterodine-er
5171,tolvaptan
5172,topamax
5173,topicort
5174,topiramate
5175,topiramate-er
5176,topisulf
5177,toposar
5178,topotecan
5179,toprol-xl
5180,toradol
5181,toremifene
5182,torisel
5183,torsemide
5184,tosymra
5185,totacillin
5186,toujeo
5187,toujeo-max
5188,tovet
5189,toviaz
5190,tpoxx
5191,tracleer
5192,tradjenta
5193,tralement
5194,tramadol
5195,tramadol-er
5196,tramadol-acetaminophen
5197,trametinib
5198,trandate
5199,trandolapril
5200,trandolapril-verapamil
5201,tranexamic-acid
5202,transderm-scop
5203,tranxene
5204,tranylcypromine
5205,trastuzumab
5206,trastuzumab-anns
5207,trastuzumab-dkst
5208,trastuzumab-qyyp
5209,trastuzumab-hyaluronidase-oysk
5210,travatan
5211,travatan-z
5212,travoprost
5213,trazimera
5214,trazodone
5215,treanda
5216,trecator
5217,trelegy-ellipta
5218,trelstar
5219,tremfya
5220,tremin
5221,trental
5222,treprostinil
5223,tresaderm
5224,tresiba
5225,tretin-x
5226,tretinoin
5227,tretinoin-emollient
5228,tretinoin-micro
5229,tretten
5230,trexall
5231,treximet
5232,trezix
5233,tri-norgestimate-ethinyl-estradiol
5234,tri-chlor
5235,tri-estarylla
5236,tri-femynor
5237,tri-heart-plus
5238,tri-legest-fe
5239,tri-linyah
5240,tri-lo-estarylla
5241,tri-lo-marzia
5242,tri-lo-sprintec
5243,tri-lo-mili
5244,tri-luma
5245,tri-mili
5246,tri-norinyl
5247,tri-previfem
5248,tri-sprintec
5249,tri-vylibra-lo
5250,triadvance
5251,trialodine
5252,triamcinolone
5253,triamterene
5254,triamterene-hctz
5255,trianex
5256,triavil
5257,triazolam
5258,tribenzor
5259,tricare-prenatal
5260,tricare-prenatal-dha-one
5261,trichloroacetic-acid
5262,tricitrates
5263,tricor
5264,triderm
5265,tridesilon
5266,trientine
5267,triesence
5268,triferic
5269,triferic-avnu
5270,trifexis
5271,trifluoperazine
5272,trifluridine
5273,trigels-f-forte
5274,triglide
5275,trihexyphenidyl
5276,trijardy-xr
5277,trikafta
5278,trilafon
5279,trileptal
5280,trilipix
5281,trilisate
5282,trilostane
5283,trilyte
5284,trimeprazine-and-prednisolone
5285,trimethobenzamide
5286,trimethoprim
5287,trimipramine
5288,trimo-san
5289,trinessa
5290,trinessa-lo
5291,trintellix
5292,triphasil
5293,triphrocaps
5294,triprolidine
5295,triptodur
5296,triptorelin-pamoate
5297,tristart-dha
5298,tristart-free
5299,tritocin
5300,tritop
5301,triumeq
5302,trivora
5303,trizivir
5304,trodelvy
5305,trogarzo
5306,trokendi-xr
5307,trolamine-salicylate
5308,tropicamide
5309,trospium
5310,trospium-er
5311,troxyca-er
5312,trudhesa
5313,true-focus
5314,true-metrix
5315,true2go
5316,truebalance
5317,trueplus
5318,trueread
5319,trueresult
5320,truetest
5321,truetrack
5322,trulance
5323,trulicity
5324,trumenba
5325,truprofen
5326,truseltiq
5327,trusopt
5328,truvada
5329,truxima
5330,tudorza-pressair
5331,tukysa
5332,tumil-k
5333,tums
5334,turalio
5335,tussicaps
5336,tussigon
5337,tussionex
5338,tuxarin-er
5339,tuzistra-xr
5340,twinject
5341,twinrix
5342,twirla
5343,twynsta
5344,tybost
5345,tydemy
5346,tygacil
5347,tykerb
5348,tylenol
5349,tylenol-arthritis-pain
5350,tylenol-cold-daytime
5351,tylenol-cold-nighttime
5352,tylenol-cold-severe
5353,tylenol-extra-strength
5354,tylenol-jr
5355,tylenol-pm
5356,tylenol-sore-throat
5357,tylenol-with-codeine
5358,tylox
5359,tymlos
5360,typhim-vi
5361,tysabri
5362,tyvaso
5363,tyzeka
5364,u-cort
5365,ubrelvy
5366,ubrogepant
5367,uceris
5368,udenyca
5369,ukoniq
5370,ulesfia
5371,ulipristal
5372,uloric
5373,ulticare
5374,ultimatecare-one-nf
5375,ultomiris
5376,ultracef
5377,ultracet
5378,ultram
5379,ultram-er
5380,ultrasal-er
5381,ultravate
5382,ultravate-x
5383,ultresa
5384,umbralisib
5385,umeclidinium
5386,umeclidinium-and-vilanterol
5387,umecta
5388,umecta-pd
5389,unasyn
5390,unifine-pentips
5391,unifine-pentips-plus
5392,unifine-safe-control
5393,unilet
5394,uniphyl
5395,uniretic
5396,unisom
5397,unistik
5398,unistik-touch
5399,unithroid
5400,unituxin
5401,univasc
5402,unoprostone
5403,uplizna
5404,upneeq
5405,uptravi
5406,uramaxin-gt
5407,uramit-mb
5408,urea
5409,urealac
5410,urecholine
5411,urelle
5412,urex
5413,uribel
5414,urimar-t
5415,urispas
5416,uro-mp
5417,urocit-k
5418,uroeze
5419,urofollitropin
5420,urogesic-blue
5421,urolet-mb
5422,uroqid-acid-no.-2
5423,uroxatral
5424,urso-250
5425,urso-forte
5426,ursodiol
5427,ustekinumab
5428,ustell
5429,uta
5430,utibron
5431,utira-c
5432,utopic
5433,v-go
5434,vagifem
5435,valacyclovir
5436,valchlor
5437,valcyte
5438,valganciclovir
5439,valisone
5440,valium
5441,valproic-acid
5442,valrubicin
5443,valsartan
5444,valsartan-hctz
5445,valstar
5446,valtoco
5447,valtrex
5448,valturna
5449,vanacof-dm
5450,vanatol-lq
5451,vanatol-s
5452,vancocin
5453,vancomycin
5454,vandazole
5455,vandetanib
5456,vaniqa
5457,vanos
5458,vanoxide-hc
5459,vantas
5460,vantin
5461,vaqta
5462,vardenafil
5463,varenicline
5464,varibar
5465,varicella-virus-vaccine
5466,varicella-zoster-immune-globulin
5467,varivax
5468,varizig
5469,varubi
5470,vascepa
5471,vasculera
5472,vaseretic
5473,vasocidin
5474,vasodilan
5475,vasolex
5476,vasotec
5477,vaxchora
5478,vayacog
5479,vayarin
5480,vayarol
5481,vazalore
5482,vecamyl
5483,vectical
5484,vectra-3d
5485,vecuronium
5486,vedolizumab
5487,veetids
5488,veklury
5489,velaglucerase-alfa
5490,velban
5491,velcade
5492,veletri
5493,velivet
5494,velphoro
5495,veltassa
5496,veltin
5497,vemavite-prx-2
5498,vemlidy
5499,vemurafenib
5500,venclexta
5501,venelex
5502,venetoclax
5503,venexa
5504,venexa-fe
5505,venlafaxine
5506,venlafaxine-er
5507,venofer
5508,ventavis
5509,ventolin
5510,ventrixyl
5511,vepesid
5512,veramyst
5513,verapamil
5514,verapamil-er
5515,verapamil-pm
5516,verdeso
5517,veregen
5518,verelan
5519,verelan-pm
5520,veripred
5521,vermox
5522,verquvo
5523,versacloz
5524,versed
5525,verzenio
5526,vesicare
5527,vesicare-ls
5528,vestronidase-alfa-vjb
5529,vestura
5530,vet-s-choice
5531,vetasyl
5532,vetmedin
5533,vetoryl
5534,vetprofen
5535,vetsulin
5536,vexol
5537,vfend
5538,vgo
5539,viagra
5540,viberzi
5541,vibisone
5542,vibra-tabs
5543,vibramycin
5544,vibramycin-calcium
5545,vibramycin-monohydrate
5546,vicodin
5547,vicoprofen
5548,victoza
5549,victrelis
5550,vidaza
5551,videx
5552,viekira-pak
5553,viekira-xr
5554,vienva
5555,vigabatrin
5556,vigadrone
5557,vigamox
5558,viibryd
5559,vilazodone
5560,viloxazine-hydrochloride
5561,viltepso
5562,vimizim
5563,vimovo
5564,vimpat
5565,vinacal
5566,vinate-care
5567,vinate-gt
5568,vinate-ii
5569,vinate-m
5570,vinate-one
5571,vinate-pn-care
5572,vinate-ultra
5573,vinblastine
5574,vincasar
5575,vincristine
5576,vinorelbine
5577,viokace
5578,viorele
5579,viracept
5580,viralys
5581,viramune
5582,viramune-xr
5583,virasal
5584,virazole
5585,virbantel
5586,viread
5587,viroptic
5588,virt-caps
5589,virt-phos
5590,virt-pn-dha
5591,virt-pn-plus
5592,virt-vite
5593,virt-vite-forte
5594,virt-vite-plus
5595,virtprex
5596,virtrate-2
5597,virtrate-3
5598,virtrate-k
5599,virtussin-ac
5600,virtussin-dac
5601,visbiome
5602,visicol
5603,visken
5604,vismodegib
5605,visqid-a-a
5606,vista-advanced-carotenoid-formula
5607,vistaril
5608,vistide
5609,vistogard
5610,visudyne
5611,vitafol-fe-plus
5612,vitafol-nano
5613,vitafol-ob
5614,vitafol-ob-plus-dha
5615,vitafol-one
5616,vitafol-plus
5617,vitafol-ultra
5618,vitamedmd-one-rx
5619,vitamedmd-plus-rx
5620,vitamin-b-complex
5621,vitamin-b12
5622,vitamin-b6
5623,vitamin-d2
5624,vitamin-d3
5625,vitapearl
5626,vitaxyme
5627,vitekta
5628,vitrakvi
5629,vitranol-fe
5630,vituz
5631,vivactil
5632,vivaglobin
5633,vivelle-dot
5634,vivera
5635,vivitrol
5636,vivlodex
5637,vivotif
5638,vizimpro
5639,vocabria
5640,vogelxo
5641,vol-care
5642,vol-plus
5643,vol-tab-rx
5644,volmax
5645,volnea
5646,voltaren
5647,voltaren-gel
5648,voltaren-xr
5649,voriconazole
5650,vorinostat
5651,vortioxetine
5652,vosevi
5653,vosol
5654,vosol-hc
5655,vospire-er
5656,votrient
5657,voxelotor
5658,vpriv
5659,vraylar
5660,vsl-3
5661,vsl-3-ds
5662,vtol-lq
5663,vumerity
5664,vumon
5665,vusion
5666,vyepti
5667,vyfemla
5668,vyleesi
5669,vylibra
5670,vyndamax
5671,vyndaqel
5672,vyondys-53
5673,vytone
5674,vytorin
5675,vyvanse
5676,vyxeos
5677,vyzulta
5678,wakix
5679,warfarin
5680,wavesense
5681,wegovy
5682,welchol
5683,welireg
5684,wellbutrin
5685,wellbutrin-sr
5686,wellbutrin-xl
5687,wellcovorin
5688,wera
5689,westcort
5690,westhroid
5691,winrho
5692,wixela-inhub
5693,women-s-rogaine
5694,wp-thyroid
5695,wymzya-fe
5696,wynzora
5697,wytensin
5698,x-viate
5699,xadago
5700,xalatan
5701,xalkori
5702,xanax
5703,xanax-xr
5704,xarelto
5705,xartemis-xr
5706,xatmep
5707,xcopri
5708,xeglyze
5709,xeljanz
5710,xeljanz-xr
5711,xeloda
5712,xelpros
5713,xenaderm
5714,xenazine
5715,xenical
5716,xenleta
5717,xeomin
5718,xepi
5719,xerac-ac
5720,xerava
5721,xerese
5722,xermelo
5723,xgeva
5724,xhance
5725,xiaflex
5726,xibrom
5727,xifaxan
5728,xigduo-xr
5729,xiidra
5730,ximino
5731,xodol
5732,xofluza
5733,xolair
5734,xolegel
5735,xopenex
5736,xopenex-hfa
5737,xospata
5738,xpovio
5739,xtampza-er
5740,xtandi
5741,xulane
5742,xultophy
5743,xuriden
5744,xylocaine
5745,xylon
5746,xyntha
5747,xyosted
5748,xyrem
5749,xywav
5750,xyzal
5751,xyzal-allergy
5752,yasmin
5753,yaz
5754,yervoy
5755,yescarta
5756,yf-vax
5757,yondelis
5758,yonsa
5759,yosprala
5760,yupelri
5761,yuvafem
5762,z-tuss-ac
5763,z-tuss-e
5764,zaditor
5765,zafemy
5766,zafirlukast
5767,zaleplon
5768,zaltrap
5769,zamicet
5770,zanaflex
5771,zanamivir
5772,zanosar
5773,zantac
5774,zantac-360
5775,zantac-otc
5776,zanubrutinib
5777,zarah
5778,zarontin
5779,zaroxolyn
5780,zarxio
5781,zavesca
5782,zaxopam
5783,zazole
5784,zeasorb
5785,zebeta
5786,zebutal
5787,zecuity
5788,zegalogue
5789,zegerid
5790,zegerid-otc
5791,zejula
5792,zelapar
5793,zelboraf
5794,zelnorm
5795,zema
5796,zemaira
5797,zembrace
5798,zemplar
5799,zenatane
5800,zenchent
5801,zenchent-fe
5802,zencia
5803,zeniquin
5804,zenpep
5805,zenzedi
5806,zeosa
5807,zepatier
5808,zephrex-d
5809,zeposia
5810,zepzelca
5811,zerbaxa
5812,zerit
5813,zerviate
5814,zestoretic
5815,zestril
5816,zetia
5817,zetonna
5818,ziac
5819,ziagen
5820,ziana
5821,ziclopro
5822,zidovudine
5823,ziextenzo
5824,zileuton-er
5825,zilretta
5826,zilxi
5827,zinamide
5828,zinbryta
5829,zinc-sulfate
5830,zinecard
5831,zintrexyl-c
5832,zioptan
5833,ziprasidone
5834,zipsor
5835,zirabev
5836,zirgan
5837,zithranol
5838,zithranol-rr
5839,zithromax
5840,ziv-aflibercept
5841,zmax
5842,zocor
5843,zofran
5844,zohydro-er
5845,zokinvy
5846,zoladex
5847,zoledronic-acid
5848,zolgensma
5849,zolinza
5850,zolmitriptan
5851,zoloft
5852,zolpidem
5853,zolpidem-er
5854,zolpimist
5855,zolvit
5856,zomacton
5857,zometa
5858,zomig
5859,zomig-zmt
5860,zonalon
5861,zonatuss
5862,zonegran
5863,zonisamide
5864,zontivity
5865,zortress
5866,zorvolex
5867,zostavax
5868,zoster-vaccine
5869,zosyn
5870,zovia
5871,zovirax
5872,ztlido
5873,zubsolv
5874,zulresso
5875,zumandimine
5876,zuplenz
5877,zurampic
5878,zutripro
5879,zyban
5880,zyclara
5881,zydelig
5882,zydone
5883,zyflo
5884,zyflo-cr
5885,zyfrel
5886,zykadia
5887,zylet
5888,zyloprim
5889,zymar
5890,zymaxid
5891,zymox-with-hydrocortisone
5892,zymox-without-hydrocortisone
5893,zynlonta
5894,zynrelef
5895,zypitamag
5896,zyprexa
5897,zyprexa-relprevv
5898,zyprexa-zydis
5899,zyrtec
5900,zyrtec-d
5901,zytiga
5902,zyvana
5903,zyvox
5904,zzzquil
